rt	smiles	inchikey
0.19416666666666668	NCC(C(c1c[nH]c(N)n1)O)Cl	YILCGOCHVFQMTC-UHFFFAOYSA-N
0.25797333333333333	C[C@@H]([C@@H]([C@H]([C@H]1O)O)O)O[C@@H]1O[C@H]([C@H]([C@H](OCCc(cc1)cc(O)c1O)O[C@@H]1CO)O)[C@@H]1OC(/C=C/c(cc1)cc(O)c1O)=O	FBSKJMQYURKNSU-UJERWXFOSA-N
0.26567833333333335	C[C@H]([C@H]([C@@H]([C@@H]1O)O)O)O[C@@H]1OC1=C(c(cc2)cc(O)c2O)Oc(cc(cc2O)O)c2C1=O	OXGUCUVFOIWWQJ-JHPRLSDPSA-N
0.2670283333333333	C[C@H]([C@H]([C@@H]([C@@H]1O)O)O)O[C@@H]1OC1=C(c(cc2O)cc(O)c2OC)Oc(cc(cc2O)O)c2C1=O	NAQNISJXKDSYJD-BJSHTXHQSA-N
0.28034499999999996	COc(cc(CC(CO)C(Cc(cc1)cc(OC)c1O)CO)cc1)c1O	PUETUDUXMCLALY-UHFFFAOYSA-N
0.2866933166666667	C[C@H]([C@H]([C@@H]([C@@H]1O)O)O)O[C@@H]1OC1=C(c(cc2O)cc(O)c2OC)Oc(cc(cc2O)O)c2C1=O	NAQNISJXKDSYJD-BJSHTXHQSA-N
0.29514833333333335	Oc1cc(O)c(/C=C/c2cc(O)cc(O)c2)cc1	PDHAOJSHSJQANO-OWOJBTEDSA-N
0.314685	Oc1cc(O)c(/C=C/c2cc(O)cc(O)c2)cc1	PDHAOJSHSJQANO-OWOJBTEDSA-N
0.3187783166666666	OC(C(c(cc1)cc(O)c1O)Oc1c2c(O)cc(O)c1C(C(c(cc1)ccc1O)Oc1c3c(O)cc(O)c1)C3=O)C2=O	SNFOQVRNAHJPMU-UHFFFAOYSA-N
0.32323331666666666	COC(C(Cc(cc1O)c2cc1O)(CO1)O)C2(C=C2)C1=CC2=O	GUHDLXNWTKIBDJ-UHFFFAOYSA-N
0.3614466666666667	COC(C(Cc(cc1O)c2cc1O)(CO1)O)C2(C=C2)C1=CC2=O	GUHDLXNWTKIBDJ-UHFFFAOYSA-N
0.36452334999999997	OC(C(c(cc1)ccc1O)Oc1c2c(O)cc(O)c1C(C(c(cc1)ccc1O)Oc1c3c(O)cc(O)c1)C3=O)C2=O	AFDANKUHSLVEBJ-UHFFFAOYSA-N
0.36544166666666666	C[C@@H](CC12SCCN1)OC1OC(CC(CCC(C3CC[C@@]4(C)C(CC5O)C(CO6)=CC6=O)[C@@]45O)[C@]3(C3)C=O)C3O[C@]12O	XKRIOYOVRGAASD-GSMWIYFSSA-N
0.3706933333333333	COc(ccc(C(C(C1=O)O)Oc2c1c(O)cc(O)c2C(C(c(cc1)ccc1O)Oc1c2c(O)cc(O)c1)C2=O)c1)c1O	GJWXCPDVDRIBKP-UHFFFAOYSA-N
0.3782866833333333	OC(C(c(cc1)ccc1O)Oc1c2c(O)cc(O)c1C(C(c(cc1)ccc1O)Oc1c3c(O)cc(O)c1)C3=O)C2=O	AFDANKUHSLVEBJ-UHFFFAOYSA-N
0.38227666666666665	COc(ccc(C(C(C1=O)O)Oc2c1c(O)cc(O)c2C(C(c(cc1)ccc1O)Oc1c2c(O)cc(O)c1)C2=O)c1)c1O	GJWXCPDVDRIBKP-UHFFFAOYSA-N
0.4101483333333333	C[C@@H](CC12SCC=N1)OC1OC(CC(CCC(C3CC[C@@]4(C)C(CC5O)C(CO6)=CC6=O)[C@@]45O)[C@]3(C3)C=O)C3O[C@]12O	MCUKVQRALOEREH-GSMWIYFSSA-N
0.4179549833333333	C[C@@H](CC12SCC=N1)OC1OC(CC(CCC(C3CC[C@@]4(C)C(CC5O)C(CO6)=CC6=O)[C@@]45O)[C@]3(C3)C=O)C3O[C@]12O	MCUKVQRALOEREH-GSMWIYFSSA-N
0.46665334999999997	COc1c(CCC(c(cc2)ccc2O)c(c(O)c2)cc(CCC(c(cc3)ccc3O)=O)c2O)ccc(O)c1	SFIYEXDIBBOYMW-UHFFFAOYSA-N
0.4807366666666667	COc1c(CCC(c(cc2)ccc2O)c(c(O)c2)cc(CCC(c(cc3)ccc3O)=O)c2O)ccc(O)c1	SFIYEXDIBBOYMW-UHFFFAOYSA-N
0.48463001666666666	Oc1ccc(C(C2)Oc3c(C(C(c(cc4)ccc4O)Oc4c5c(O)cc(O)c4)C5=O)c(O)cc(O)c3C2=O)cc1	MXEIKUWMKSYEII-UHFFFAOYSA-N
0.5277516666666666	COc1c(CCC(c(cc2)ccc2O)c(c(O)c2)cc(CCC(c(cc3)ccc3O)=O)c2O)ccc(O)c1	SFIYEXDIBBOYMW-UHFFFAOYSA-N
0.6114317	C[C@@H](CC12SCCN1)OC1OC(CC(CCC(C3CC[C@@]4(C)C(CC5)C(CO6)=CC6=O)[C@@]45O)[C@]3(C3)C=O)C3O[C@]12O	YLDBWOUPHZGCJG-SFQKSOOHSA-N
0.6156716666666667	Oc1ccc(C(C2)Oc3c(C(C(c(cc4)ccc4O)Oc4c5c(O)cc(O)c4)C5=O)c(O)cc(O)c3C2=O)cc1	MXEIKUWMKSYEII-UHFFFAOYSA-N
0.6482599833333332	COc(ccc(C(Oc(c(C1=O)c2O)cc(O)c2OC)=C1OC)c1)c1O	BZXULYMZYPRZOG-UHFFFAOYSA-N
0.6601783166666666	COc(ccc(C(Oc(c(C1=O)c2O)cc(O)c2OC)=C1OC)c1)c1O	BZXULYMZYPRZOG-UHFFFAOYSA-N
0.6615783000000001	C[C@@H](CC12SCC=N1)OC1OC(CC(CCC(C3CC[C@@]4(C)C(CC5)C(CO6)=CC6=O)[C@@]45O)[C@]3(C3)C=O)C3O[C@]12O	DONIPVCAKBPJLH-SFQKSOOHSA-N
0.6903350166666667	CC(C)(C[C@H](C1)O)[C@@H](C[C@H]2O)[C@]1(C)[C@H](CC(C1(C(C=C3OC)=O)C(Oc4c5c(O)cc(O)c4)=CC5=O)C(C)=CCC1C3=O)C2=C	DYFMUBBDBHDXDV-LTBQZSFOSA-N
0.6938116666666667	CC(C)(C[C@H](C1)O)[C@@H](C[C@H]2O)[C@]1(C)[C@H](CC(C1(C(C=C3OC)=O)C(Oc4c5c(O)cc(O)c4)=CC5=O)C(C)=CCC1C3=O)C2=C	DYFMUBBDBHDXDV-LTBQZSFOSA-N
0.70213	CC(C)(C[C@H](C1)O)[C@@H](C[C@H]2O)[C@]1(C)[C@H](CC(C1(C(C=C3OC)=O)C(Oc4c5c(O)cc(O)c4)=CC5=O)C(C)=CCC1C3=O)C2=C	DYFMUBBDBHDXDV-LTBQZSFOSA-N
0.7911466666666667	Oc1ccc(C(C2C(C(c(cc3)ccc3O)Oc3c4ccc(O)c3)C4=O)Oc(cc(cc3)O)c3C2=O)cc1	RZCBRIXDECISPR-UHFFFAOYSA-N
0.81093	Oc1ccc(C(C2C(C(c(cc3)ccc3O)Oc3c4ccc(O)c3)C4=O)Oc(cc(cc3)O)c3C2=O)cc1	RZCBRIXDECISPR-UHFFFAOYSA-N
0.8404	Oc1ccc(C(C2C(c(ccc(O)c3)c3O)=O)Oc3c2c(O)c(C(CC(c(cc2)ccc2O)O2)=O)c2c3)cc1	LWIBVDPTXBVMIV-UHFFFAOYSA-N
0.8463333166666666	Oc1ccc(C(C2C(c(ccc(O)c3)c3O)=O)Oc3c2c(O)c(C(CC(c(cc2)ccc2O)O2)=O)c2c3)cc1	LWIBVDPTXBVMIV-UHFFFAOYSA-N
0.8558533333333334	Oc1ccc(C(C2C(c(ccc(O)c3)c3O)=O)Oc3c2c(O)c(C(CC(c(cc2)ccc2O)O2)=O)c2c3)cc1	LWIBVDPTXBVMIV-UHFFFAOYSA-N
0.8958416666666668	Oc1ccc([C@@H]([C@H]([C@@H]2C(c(ccc(O)c3)c3O)=O)C(c(ccc(O)c3)c3O)=O)O[C@@H]2c(cc2)ccc2O)cc1	MGYYQYIFNBTUAB-JQYHKRKISA-N
0.9052399999999999	Oc1ccc([C@@H]([C@H]([C@@H]2C(c(ccc(O)c3)c3O)=O)C(c(ccc(O)c3)c3O)=O)O[C@@H]2c(cc2)ccc2O)cc1	MGYYQYIFNBTUAB-JQYHKRKISA-N
0.92851665	Oc1ccc([C@@H]([C@H]([C@@H]2C(c(ccc(O)c3)c3O)=O)C(c(ccc(O)c3)c3O)=O)O[C@@H]2c(cc2)ccc2O)cc1	MGYYQYIFNBTUAB-JQYHKRKISA-N
0.9561499833333333	COc(ccc(C(Oc(c(C1=O)c2O)cc(OC)c2OC)=C1OC)c1)c1O	PJQLSMYMOKWUJG-UHFFFAOYSA-N
0.9772949833333333	COc(cc(cc1)C(Oc(c(C2=O)c3O)cc(OC)c3OC)=C2OC)c1O	NBVTYGIYKCPHQN-UHFFFAOYSA-N
0.98644835	COc(ccc(C(Oc(c(C1=O)c2O)cc(OC)c2OC)=C1OC)c1)c1O	PJQLSMYMOKWUJG-UHFFFAOYSA-N
0.9937749833333334	C/C=C(\C([C@@]1(C=C[C@H]2[C@@H]11)O3)O[C@H]1OC=C2C(OC)=O)/C3=O	VFXXNAVZODKBIW-KLWVONBGSA-N
1.0106283166666665	C/C=C(/C([C@@]1(C=C[C@H]2[C@@H]11)O3)O[C@H]1OC=C2C(OC)=O)\C3=O	VFXXNAVZODKBIW-FONPPYIRSA-N
1.0310749666666665	C[C@](CCC1)([C@H](CC(C2(C(C=C3OC)=O)C(Oc4c5c(O)cc(O)c4)=CC5=O)C(C)=CCC2C3=O)C([C@@H](C2)O)=C)[C@H]2[C@@]1(C)C(O)=O	IFXOMNGVRBQEDH-NEIRRKQMSA-N
1.0389350333333334	C[C@](CCC1)([C@H](CC(C2(C(C=C3OC)=O)C(Oc4c5c(O)cc(O)c4)=CC5=O)C(C)=CCC2C3=O)C([C@@H](C2)O)=C)[C@H]2[C@@]1(C)C(O)=O	IFXOMNGVRBQEDH-NEIRRKQMSA-N
1.04328835	C[C@](CCC1)([C@H](CC(C2(C(C=C3OC)=O)C(Oc4c5c(O)cc(O)c4)=CC5=O)C(C)=CCC2C3=O)C([C@@H](C2)O)=C)[C@H]2[C@@]1(C)C(O)=O	IFXOMNGVRBQEDH-NEIRRKQMSA-N
1.0739499333333333	C[C@](CO)(CCC1)[C@@H](C[C@H]2O)[C@]1(C)[C@H](CC(C1(C(C=C3OC)=O)C(Oc4c5c(O)cc(O)c4)=CC5=O)C(C)=CCC1C3=O)C2=C	DUHUEQDHHJOBJV-ITVARWGLSA-N
1.08350995	C[C@](CO)(CCC1)[C@@H](C[C@H]2O)[C@]1(C)[C@H](CC(C1(C(C=C3OC)=O)C(Oc4c5c(O)cc(O)c4)=CC5=O)C(C)=CCC1C3=O)C2=C	DUHUEQDHHJOBJV-ITVARWGLSA-N
1.0882733666666666	CC(C)(C[C@@H](C1)O)[C@H](CCC2(C)O)[C@@]1(C)[C@]2(CC(C1(C(C=C2OC)=O)C(Oc3c4c(O)cc(O)c3)=CC4=O)C(C)=CCC1C2=O)O	YFSJBBMDQKSVOR-KBLBZTOMSA-N
1.0900734	CC(C)(C[C@@H](C1)O)[C@H](CCC2(C)O)[C@@]1(C)[C@]2(CC(C1(C(C=C2OC)=O)C(Oc3c4c(O)cc(O)c3)=CC4=O)C(C)=CCC1C2=O)O	YFSJBBMDQKSVOR-KBLBZTOMSA-N
1.1013266166666669	C[C@](CO)(CCC1)[C@@H](C[C@H]2O)[C@]1(C)[C@H](CC(C1(C(C=C3OC)=O)C(Oc4c5c(O)cc(O)c4)=CC5=O)C(C)=CCC1C3=O)C2=C	DUHUEQDHHJOBJV-ITVARWGLSA-N
1.1091782833333332	CC(C)(C[C@@H](C1)O)[C@H](CCC2(C)O)[C@@]1(C)[C@]2(CC(C1(C(C=C2OC)=O)C(Oc3c4c(O)cc(O)c3)=CC4=O)C(C)=CCC1C2=O)O	YFSJBBMDQKSVOR-KBLBZTOMSA-N
1.1163883166666666	C[C@@H]([C@@H](CC(C1(C(C=C2OC)=O)C(Oc3c4c(O)cc(O)c3)=CC4=O)C(C)=CCC1C2=O)[C@](C)(C1)[C@H](C2)C(C)(C)C[C@H]1O)[C@@H]2O	XHRVINDOXZYNMA-UJUYOOQASA-N
1.1363933499999999	C[C@@H]([C@@H](CC(C1(C(C=C2OC)=O)C(Oc3c4c(O)cc(O)c3)=CC4=O)C(C)=CCC1C2=O)[C@](C)(C1)[C@H](C2)C(C)(C)C[C@H]1O)[C@@H]2O	XHRVINDOXZYNMA-UJUYOOQASA-N
1.13819835	C[C@@H]([C@@H](CC(C1(C(C=C2OC)=O)C(Oc3c4c(O)cc(O)c3)=CC4=O)C(C)=CCC1C2=O)[C@](C)(C1)[C@H](C2)C(C)(C)C[C@H]1O)[C@@H]2O	XHRVINDOXZYNMA-UJUYOOQASA-N
1.3318367	COc(cc1)cc(O)c1C(C(C(c(cc1)ccc1O)c(cc1)ccc1O)C1=COc(cc(cc2)O)c2C1=O)=O	PPUYQVKBSDIARR-UHFFFAOYSA-N
1.3442333166666667	COc(cc1)cc(O)c1C(C(C(c(cc1)ccc1O)c(cc1)ccc1O)C1=COc(cc(cc2)O)c2C1=O)=O	PPUYQVKBSDIARR-UHFFFAOYSA-N
1.3481300333333333	COc(cc1)ccc1C(Oc(c(C1=O)c2O)cc(O)c2OC)=C1OC	DWZAJFZEYZIHPO-UHFFFAOYSA-N
1.39939995	COc(ccc(C(Oc1c2c(O)cc(O)c1)=CC2=O)c1)c1-c(c(OC(c(cc1)ccc1O)=C1)c(c(O)c2)C1=O)c2O	IWEIJEPIYMAGTH-UHFFFAOYSA-N
1.40722835	C[C@@H](CCC(C)C(C)(C)C)[C@H](CC1)[C@](C)(CC2)C1C(C1)C2[C@](C)(CC([C@@H](C2)OS(O)(=O)=O)OS(O)(=O)=O)[C@@H]2[C@@H]1OS(O)(=O)=O	UYXOPBYFUWYADH-KFAAFJRLSA-N
1.4148766833333333	COc(ccc(C(Oc1c2c(O)cc(O)c1)=CC2=O)c1)c1-c(c(OC(c(cc1)ccc1O)=C1)c(c(O)c2)C1=O)c2O	IWEIJEPIYMAGTH-UHFFFAOYSA-N
1.5108282666666668	COc1ccc([C@@H]([C@@H]2C(c(ccc(O)c3)c3O)=O)Oc3c2c(O)c(C(C[C@@H](c(cc2)ccc2O)O2)=O)c2c3)cc1	YBNWSGJTIRDUAL-UEACAHGMSA-N
1.5227883666666666	COc1ccc([C@@H]([C@@H]2C(c(ccc(O)c3)c3O)=O)Oc3c2c(O)c(C(C[C@@H](c(cc2)ccc2O)O2)=O)c2c3)cc1	YBNWSGJTIRDUAL-UEACAHGMSA-N
1.546175	COc1ccc([C@@H]([C@@H]2C(c(ccc(O)c3)c3O)=O)Oc3c2c(O)c(C(C[C@@H](c(cc2)ccc2O)O2)=O)c2c3)cc1	YBNWSGJTIRDUAL-UEACAHGMSA-N
1.8116166500000002	O[C@@H]([C@H](COC(/C=C/c(cc1)ccc1O)=O)O[C@@H]([C@H]1OC(/C=C/c(cc2)ccc2O)=O)Oc(cc2O)cc(OC(c(cc3)ccc3O)=C3)c2C3=O)[C@H]1O	GBBLNEWSFXZKJC-LJFOHRRRSA-N
1.8245333333333333	CC(OCC(Cc(cc1)cc(OC)c1O)C(Cc(cc1)cc(OC)c1O)COC(/C=C/c(cc1)cc(O)c1O)=O)=O	FXUGCPSWUXEJQN-YRNVUSSQSA-N
1.8289000166666667	CC(OCC(Cc(cc1)cc(OC)c1O)C(Cc(cc1)cc(OC)c1O)COC(/C=C/c(cc1)cc(O)c1O)=O)=O	FXUGCPSWUXEJQN-YRNVUSSQSA-N
1.8406166	O[C@@H]([C@H](COC(/C=C/c(cc1)ccc1O)=O)O[C@@H]([C@H]1OC(/C=C/c(cc2)ccc2O)=O)Oc(cc2O)cc(OC(c(cc3)ccc3O)=C3)c2C3=O)[C@H]1O	GBBLNEWSFXZKJC-LJFOHRRRSA-N
1.8447832666666666	CC(OCC(Cc(cc1)cc(OC)c1O)C(Cc(cc1)cc(OC)c1O)COC(/C=C/c(cc1)cc(O)c1O)=O)=O	FXUGCPSWUXEJQN-YRNVUSSQSA-N
1.9075333833333334	COc(cc1)cc(OC)c1C(C(C(c(cc1)ccc1O)c(cc1)ccc1O)C1=COc(cc(cc2)O)c2C1=O)=O	ZKCBMJDNLDZMEG-UHFFFAOYSA-N
1.94735005	COc(cc1)cc(OC)c1C(C(C(c(cc1)ccc1O)c(cc1)ccc1O)C1=COc(cc(cc2)O)c2C1=O)=O	ZKCBMJDNLDZMEG-UHFFFAOYSA-N
2.0325833666666666	CC(C)(CCC1)[C@@H](C[C@H]2O)[C@]1(C)[C@H](CC(C1(C(C=C3OC)=O)C(Oc4c5c(O)cc(O)c4)=CC5=O)C(C)=CCC1C3=O)C2=C	XRTOJGYRPZUDFW-FFROVVMCSA-N
2.0552500333333334	CC(C)(CCC1)[C@@H](C[C@H]2O)[C@]1(C)[C@H](CC(C1(C(C=C3OC)=O)C(Oc4c5c(O)cc(O)c4)=CC5=O)C(C)=CCC1C3=O)C2=C	XRTOJGYRPZUDFW-FFROVVMCSA-N
2.0811667166666665	CC(C)(CCC(Cc(c(OC(CC1=O)c(ccc(O)c2)c2O)c1c(O)c1)c1O)C(C)=C)O	PFTQIVMILQKDQN-UHFFFAOYSA-N
2.102599966666667	CC(C)(CCC(Cc(c(OC(CC1=O)c(ccc(O)c2)c2O)c1c(O)c1)c1O)C(C)=C)O	PFTQIVMILQKDQN-UHFFFAOYSA-N
2.11206665	CC(C)=CCC(Cc(c(OC(CC1=O)c(ccc(O)c2)c2O)c1c(OC)c1)c1O)C(C)=C	LTTQKYMNTNISSZ-UHFFFAOYSA-N
2.1173833166666665	CC(C)(CCC1)[C@@H](C[C@H]2O)[C@]1(C)[C@H](CC(C1(C(C=C3OC)=O)C(Oc4c5c(O)cc(O)c4)=CC5=O)C(C)=CCC1C3=O)C2=C	XRTOJGYRPZUDFW-FFROVVMCSA-N
2.2099166833333332	C[C@@H]([C@@H]([C@H]([C@H]1O)O[C@@H]([C@@H]([C@H]2O)O)OC[C@H]2O)O)O[C@H]1O[C@@H]([C@@H]1O)C(O[C@@H](CC2)[C@@](C)(CO)C(CC3)[C@@]2(C)C2[C@]3(C)[C@](C)(CC[C@@]3(C4CC(C)(C)CC3)C(O)=O)C4=CC2)OC[C@H]1OC([C@@H]([C@H]1O)O)O[C@H](CO)[C@H]1O	YEIXSARWQBTGKU-VECIUBBESA-N
2.2340499833333336	COc(c(C=O)c(cc1C(c2c3cccc2)=O)O)c1C3=O	IPDMWUNUULAXLU-UHFFFAOYSA-N
2.2574501	COc(c(C=O)c(cc1C(c2c3cccc2)=O)O)c1C3=O	IPDMWUNUULAXLU-UHFFFAOYSA-N
2.3032000166666666	CC(OCC(Cc(cc1)cc(OC)c1O)C(Cc(cc1)cc(OC)c1O)COC(/C=C/c(cc1)cc(OC)c1O)=O)=O	XMJRBIUHVKFCMR-XYOKQWHBSA-N
2.3942832999999997	COc1ccc([C@@H]([C@H]2C(c(ccc(O)c3)c3O)=O)Oc3c2c(O)c(C(C[C@@H](c(cc2)ccc2O)O2)=O)c2c3)cc1	YBNWSGJTIRDUAL-MWFUSFPTSA-N
2.4316500333333333	COc1ccc([C@@H]([C@H]2C(c(ccc(O)c3)c3O)=O)Oc3c2c(O)c(C(C[C@@H](c(cc2)ccc2O)O2)=O)c2c3)cc1	YBNWSGJTIRDUAL-MWFUSFPTSA-N
2.705116783333333	C[C@@H]([C@@H]([C@H]([C@H]1O)O[C@@H]([C@@H]([C@H]2O)O)OC[C@H]2O)O)O[C@H]1O[C@@H]([C@@H]1O)C(O[C@@H](CC2)C(C)(C)C(CC3)[C@@]2(C)C2[C@]3(C)[C@](C)(CC[C@@]3(C4CC(C)(C)CC3)C(O)=O)C4=CC2)OC[C@H]1OC([C@@H]([C@H]1O)O)O[C@H](CO)[C@H]1O	YMUVECXYJPPWBW-RHIWONNLSA-N
2.718666583333333	C=CCc(cc1)cc(-c(cc(CC=C)cc2)c2O)c1O	VVOAZFWZEDHOOU-UHFFFAOYSA-N
2.7300333666666665	C[C@@H]([C@@H]([C@H]([C@H]1O)O[C@@H]([C@H]([C@@H]2O)O)OC[C@H]2O)O)O[C@H]1O[C@@H]([C@@H]1O)C(O[C@@H](CC2)C(C)(C)C(CC3)[C@@]2(C)C2[C@]3(C)[C@](C)(CC[C@@]3(C4CC(C)(C)CC3)C(O)=O)C4=CC2)OC[C@H]1OC([C@@H]([C@H]1O)O)O[C@H](CO)[C@H]1O	YMUVECXYJPPWBW-UBTUDEFCSA-N
2.7714998833333335	CC(C)=CCc(c(O)c(c(OC(c(cc1)ccc1O)=C1O)c2)C1=O)c2O	TVMHBSODLWMMMV-UHFFFAOYSA-N
2.7792833999999997	C=CCc(cc1)cc(-c(cc(CC=C)cc2)c2O)c1O	VVOAZFWZEDHOOU-UHFFFAOYSA-N
2.7936500499999997	CC(C)=CCc(c(O)c(c(OC(c(cc1)ccc1O)=C1O)c2)C1=O)c2O	TVMHBSODLWMMMV-UHFFFAOYSA-N
3.1590667666666667	CC(C)(CCC1)C2[C@]1(COC(/C=C/c(cc1)cc(O)c1O)=O)C(CC[C@H](C1)[C@@](CO)(C3)O)[C@]13CC2	SCIXGQOSKNXPSL-SACMIHQYSA-N
3.17403335	CC(C)(CCC1)C2[C@]1(COC(/C=C/c(cc1)cc(O)c1O)=O)C(CC[C@H](C1)[C@@](CO)(C3)O)[C@]13CC2	SCIXGQOSKNXPSL-SACMIHQYSA-N
3.177966566666667	C=CCc(cc1)cc(-c(cc2)cc(CC=C)c2O)c1O	FVYXIJYOAGAUQK-UHFFFAOYSA-N
3.3874666833333333	CC(C)(CCC1)C2[C@]1(CO)C(CC[C@H](C1)[C@@](COC(/C=C/c(cc3)cc(O)c3O)=O)(C3)O)[C@]13CC2	NAPRTQGTRSLKIA-SACMIHQYSA-N
3.4024665833333336	CC(C)(CCC1)C2[C@]1(CO)C(CC[C@H](C1)[C@@](COC(/C=C/c(cc3)cc(O)c3O)=O)(C3)O)[C@]13CC2	NAPRTQGTRSLKIA-SACMIHQYSA-N
3.5060666333333335	CC(C)=CCc(c(O)c(CC=C(C)C)c(OC)c1C(c(cc2)ccc2O)=O)c1O	CSSYOJWEJPPTHG-UHFFFAOYSA-N
3.5196167	CC(C)=CCc(c(O)c(CC=C(C)C)c(OC)c1C(c(cc2)ccc2O)=O)c1O	CSSYOJWEJPPTHG-UHFFFAOYSA-N
3.5303833	CC(C)=CCC(Cc(c(OC(CC1=O)c(ccc(O)c2)c2O)c1c(OC)c1)c1O)C(C)=C	LTTQKYMNTNISSZ-UHFFFAOYSA-N
3.6137667333333336	CCC(C)C(C1=C(O)OC2=C(C(CC(O)=O)c3ccccc3)C(C)(C)C(CCC(C)(C)NC(C)=O)CC2(CC=C(C)C)C1=O)=O	VWJWJSTVUOQUDF-UHFFFAOYSA-N
3.6329500833333332	CCC(C)C(C1=C(O)OC2=C(C(CC(O)=O)c3ccccc3)C(C)(C)C(CCC(C)(C)NC(C)=O)CC2(CC=C(C)C)C1=O)=O	VWJWJSTVUOQUDF-UHFFFAOYSA-N
3.7846333833333334	Cc(cc1C(c2cc(OC)cc(O)c22)=O)cc(O)c1C2=O	FFWOKTFYGVYKIR-UHFFFAOYSA-N
3.8017166166666665	CCC(C)C(C1=C(O)OC2=C(C(CC(O)=O)c3ccccc3)C(C)(C)C(CCC(C)(C)O)CC2(CC=C(C)C)C1=O)=O	OHIAYCDXMPSQPG-UHFFFAOYSA-N
3.809433233333333	CCC(C)C(C1=C(O)OC2=C(C(CC(O)=O)c3ccccc3)C(C)(C)C(CCC(C)(C)O)CC2(CC=C(C)C)C1=O)=O	OHIAYCDXMPSQPG-UHFFFAOYSA-N
3.9198333666666665	CC(C)(C(CC/C(/C)=C/CC/C(/C)=C/CC/C=C(\C)/CC/C=C(\C)/CCC(C(C)(CO)O)O)O)O	WRTOUBQZZGFLLV-GMVKGQTGSA-N
4.4742665666666666	CCCCCCCCCCCCO[C@H]([C@H]([C@H]1O)O)O[C@H](C)[C@H]1O[C@H]([C@H]([C@H]1O[C@H]([C@H]([C@H]2O[C@H]([C@H]([C@H]3O)O)O[C@H](C)[C@H]3OC(C)=O)OC(C)=O)O[C@H](C)[C@H]2OC(C)=O)O)O[C@H](C)[C@H]1OC(C)=O	LWOBLAUKUYVZAM-RFCVBJERSA-N
5.188016766666666	CCCCCCCCCCCCO[C@H]([C@H]([C@H]1O)O)O[C@H](C)[C@H]1O[C@H]([C@H]([C@H]1O[C@H]([C@H]([C@H]2O[C@H]([C@H]([C@H]3OC(C)=O)O)O[C@H](C)[C@H]3OC(C)=O)OC(C)=O)O[C@H](C)[C@H]2OC(C)=O)O)O[C@H](C)[C@H]1OC(C)=O	GBKNKYWIOBGJMA-UJHKPXTNSA-N
5.231316633333334	CC(C)([C@H](CC=C(C)C)C[C@](C[C@H](CC=C(C)C)C(C)(C)O1)(C2=O)C1=C1C(c(cc3)cc(O)c3O)=O)[C@]2(CC=C(C)C)C1=O	KXTNVBQRLRYVCO-NUUVSXAPSA-N
5.260466516666667	CC(C)([C@H](CC=C(C)C)C[C@](C[C@H](CC=C(C)C)C(C)(C)O1)(C2=O)C1=C1C(c(cc3)cc(O)c3O)=O)[C@]2(CC=C(C)C)C1=O	KXTNVBQRLRYVCO-NUUVSXAPSA-N
5.303550216666666	CC(C)C(C1=C(O)OC2=C(C(CC(O)=O)c3ccccc3)C(C)(C)C(CC=C(C)C)CC2(CC=C(C)C)C1=O)=O	BZQMKTCQZSTGQS-UHFFFAOYSA-N
5.372049966666666	CCC(C)C(C1=C(O)OC2=C(C(CC(O)=O)c3ccccc3)C(C)(C)C(CCC(C)(C)OC(C(F)(F)F)=O)CC2(CC=C(C)C)C1=O)=O	BMWVMBQWKCPABF-UHFFFAOYSA-N
5.398966466666667	C[C@@H](CC/C=C(/C)\C(O)=O)[C@H](CC1)[C@@]2(C)[C@@]1(C)C1=CCC(C(C)(C)C(CC3)=O)[C@@]3(C)C1CC2	VOYZLKWKVLYJHD-KXZUVUMOSA-N
5.404783116666667	C[C@@H](CC/C=C(/C)\C(O)=O)[C@H](CC1)[C@@]2(C)[C@@]1(C)C1=CCC(C(C)(C)C(CC3)=O)[C@@]3(C)C1CC2	VOYZLKWKVLYJHD-KXZUVUMOSA-N
5.4178833	C[C@@H](CC/C=C(/C)\C(O)=O)[C@H](CC1)[C@@]2(C)[C@@]1(C)C1=CCC(C(C)(C)C(CC3)=O)[C@@]3(C)C1CC2	VOYZLKWKVLYJHD-KXZUVUMOSA-N
5.534249883333334	CC(C)CC(C1=C(O)OC2=C(C(CC(O)=O)c3ccccc3)C(C)(C)C(CC=C(C)C)CC2(CC=C(C)C)C1=O)=O	SBJGFRHLHVBLNS-UHFFFAOYSA-N
5.536033116666667	CC(C)CC(C1=C(O)OC2=C(C(CC(O)=O)c3ccccc3)C(C)(C)C(CC=C(C)C)CC2(CC=C(C)C)C1=O)=O	SBJGFRHLHVBLNS-UHFFFAOYSA-N
5.639216616666667	CCC(C)C(C1=C(O)OC2=C(C(CC(O)=O)c3ccccc3)C(C)(C)C(CC=C(C)C)CC2(CC=C(C)C)C1=O)=O	YXSRTLFORKKWOM-UHFFFAOYSA-N
5.66135	CCC(C)C(C1=C(O)OC2=C(C(CC(O)=O)c3ccccc3)C(C)(C)C(CC=C(C)C)CC2(CC=C(C)C)C1=O)=O	YXSRTLFORKKWOM-UHFFFAOYSA-N
5.889733383333334	CCCC(CC(O)=O)C(C(C)(C)C(CC=C(C)C)CC12CC=C(C)C)=C1OC(O)=C(C(CC(C)C)=O)C2=O	PJAFIJDUVIZFTB-UHFFFAOYSA-N
5.895799766666667	CCCC(CC(O)=O)C(C(C)(C)C(CC=C(C)C)CC12CC=C(C)C)=C1OC(O)=C(C(CC(C)C)=O)C2=O	PJAFIJDUVIZFTB-UHFFFAOYSA-N
5.96870015	CCCC(CC(O)=O)C(C(C)(C)C(CC=C(C)C)CC12CC=C(C)C)=C1OC(O)=C(C(C(C)CC)=O)C2=O	YCKXZLNJJBVOJD-UHFFFAOYSA-N
5.976466883333333	CCCC(CC(O)=O)C(C(C)(C)C(CC=C(C)C)CC12CC=C(C)C)=C1OC(O)=C(C(C(C)CC)=O)C2=O	YCKXZLNJJBVOJD-UHFFFAOYSA-N
6.349500016666667	CC(C)CC(C1=C(O)OC2=C(C(CC(OC)=O)c3ccccc3)C(C)(C)C(CC=C(C)C)CC2(CC=C(C)C)C1=O)=O	DVLZFRHEXIMHQX-UHFFFAOYSA-N
0.19817166666666666	NCC(C(c1c[nH]c(N)n1)O)Cl	YILCGOCHVFQMTC-UHFFFAOYSA-N
0.210145	NCC(C(c1c[nH]c(N)n1)O)Cl	YILCGOCHVFQMTC-UHFFFAOYSA-N
0.21140333333333333	NCC(C(c1c[nH]c(N)n1)O)Cl	YILCGOCHVFQMTC-UHFFFAOYSA-N
0.22619833333333333	Cn1c(N=C(N)N(C)C2=O)c2nc1	MXLVASHNANBJDZ-UHFFFAOYSA-N
0.22745333333333334	Cn1c(N=C(N)N(C)C2=O)c2nc1	MXLVASHNANBJDZ-UHFFFAOYSA-N
0.23179333333333335	Cn1c(N=C(N)N(C)C2=O)c2nc1	MXLVASHNANBJDZ-UHFFFAOYSA-N
0.23305166666666668	Cn1c(N=C(N)N(C)C2=O)c2nc1	MXLVASHNANBJDZ-UHFFFAOYSA-N
0.5938016833333334	C[C@@H]([C@@H]([C@H]([C@H]1O)O)O)O[C@@H]1O[C@H]([C@H]([C@H](OCCc(cc1)cc(O)c1O)O[C@@H]1CO)O)[C@@H]1OC(/C=C/c(cc1)cc(O)c1O)=O	FBSKJMQYURKNSU-UJERWXFOSA-N
0.7040700333333334	C[C@H]([C@H]([C@@H]([C@@H]1O)O)O)O[C@@H]1OC1=C(c(cc2)cc(O)c2O)Oc(cc(cc2O)O)c2C1=O	OXGUCUVFOIWWQJ-JHPRLSDPSA-N
0.7053266499999999	C[C@H]([C@H]([C@@H]([C@@H]1O)O)O)O[C@@H]1OC1=C(c(cc2)cc(O)c2O)Oc(cc(cc2O)O)c2C1=O	OXGUCUVFOIWWQJ-JHPRLSDPSA-N
0.7616599999999999	C[C@H]([C@H]([C@@H]([C@@H]1O)O)O)O[C@@H]1OC1=C(c(cc2O)cc(O)c2OC)Oc(cc(cc2O)O)c2C1=O	NAQNISJXKDSYJD-BJSHTXHQSA-N
0.7673400166666667	C[C@H]([C@H]([C@@H]([C@@H]1O)O)O)O[C@@H]1OC1=C(c(cc2O)cc(O)c2OC)Oc(cc(cc2O)O)c2C1=O	NAQNISJXKDSYJD-BJSHTXHQSA-N
0.7743349666666667	C[C@H]([C@H]([C@@H]([C@@H]1O)O)O)O[C@@H]1OC1=C(c(cc2O)cc(O)c2OC)Oc(cc(cc2O)O)c2C1=O	NAQNISJXKDSYJD-BJSHTXHQSA-N
0.8563816666666667	NCC(C(c1c[nH]c(N)n1)O)Cl	YILCGOCHVFQMTC-UHFFFAOYSA-N
0.8853333166666667	COc(cc(CC(CO)C(Cc(cc1)cc(OC)c1O)CO)cc1)c1O	PUETUDUXMCLALY-UHFFFAOYSA-N
0.8896483166666667	COc(cc(CC(CO)C(Cc(cc1)cc(OC)c1O)CO)cc1)c1O	PUETUDUXMCLALY-UHFFFAOYSA-N
0.8922133166666666	COc(cc(CC(CO)C(Cc(cc1)cc(OC)c1O)CO)cc1)c1O	PUETUDUXMCLALY-UHFFFAOYSA-N
0.9171483333333333	COc(cc(CC(CO)C(Cc(cc1)cc(OC)c1O)CO)cc1)c1O	PUETUDUXMCLALY-UHFFFAOYSA-N
0.9192150166666667	Oc1cc(O)c(/C=C/c2cc(O)cc(O)c2)cc1	PDHAOJSHSJQANO-OWOJBTEDSA-N
0.94070835	Oc1cc(O)c(/C=C/c2cc(O)cc(O)c2)cc1	PDHAOJSHSJQANO-OWOJBTEDSA-N
1.0484500166666666	COC(C(Cc(cc1O)c2cc1O)(CO1)O)C2(C=C2)C1=CC2=O	GUHDLXNWTKIBDJ-UHFFFAOYSA-N
1.0598899833333333	COC(C(Cc(cc1O)c2cc1O)(CO1)O)C2(C=C2)C1=CC2=O	GUHDLXNWTKIBDJ-UHFFFAOYSA-N
1.0806416833333332	COC(C(Cc(cc1O)c2cc1O)(CO1)O)C2(C=C2)C1=CC2=O	GUHDLXNWTKIBDJ-UHFFFAOYSA-N
1.0874699833333332	COC(C(Cc(cc1O)c2cc1O)(CO1)O)C2(C=C2)C1=CC2=O	GUHDLXNWTKIBDJ-UHFFFAOYSA-N
1.50466665	C[C@@H](CC12SCCN1)OC1OC(CC(CCC(C3CC[C@@]4(C)C(CC5O)C(CO6)=CC6=O)[C@@]45O)[C@]3(C3)C=O)C3O[C@]12O	XKRIOYOVRGAASD-GSMWIYFSSA-N
1.5182282833333334	C[C@@H](CC12SCCN1)OC1OC(CC(CCC(C3CC[C@@]4(C)C(CC5O)C(CO6)=CC6=O)[C@@]45O)[C@]3(C3)C=O)C3O[C@]12O	XKRIOYOVRGAASD-GSMWIYFSSA-N
1.5291016833333333	C[C@@H](CC12SCCN1)OC1OC(CC(CCC(C3CC[C@@]4(C)C(CC5O)C(CO6)=CC6=O)[C@@]45O)[C@]3(C3)C=O)C3O[C@]12O	XKRIOYOVRGAASD-GSMWIYFSSA-N
1.5415466333333332	C[C@@H](CC12SCCN1)OC1OC(CC(CCC(C3CC[C@@]4(C)C(CC5O)C(CO6)=CC6=O)[C@@]45O)[C@]3(C3)C=O)C3O[C@]12O	XKRIOYOVRGAASD-GSMWIYFSSA-N
1.5427583	OC(C(c(cc1)ccc1O)Oc1c2c(O)cc(O)c1C(C(c(cc1)ccc1O)Oc1c3c(O)cc(O)c1)C3=O)C2=O	AFDANKUHSLVEBJ-UHFFFAOYSA-N
1.5585416166666666	OC(C(c(cc1)ccc1O)Oc1c2c(O)cc(O)c1C(C(c(cc1)ccc1O)Oc1c3c(O)cc(O)c1)C3=O)C2=O	AFDANKUHSLVEBJ-UHFFFAOYSA-N
1.6573650333333334	COc(ccc(C(C(C1=O)O)Oc2c1c(O)cc(O)c2C(C(c(cc1)ccc1O)Oc1c2c(O)cc(O)c1)C2=O)c1)c1O	GJWXCPDVDRIBKP-UHFFFAOYSA-N
1.6853500333333333	COc(ccc(C(C(C1=O)O)Oc2c1c(O)cc(O)c2C(C(c(cc1)ccc1O)Oc1c2c(O)cc(O)c1)C2=O)c1)c1O	GJWXCPDVDRIBKP-UHFFFAOYSA-N
1.8198500333333334	C[C@@H](CC12SCC=N1)OC1OC(CC(CCC(C3CC[C@@]4(C)C(CC5O)C(CO6)=CC6=O)[C@@]45O)[C@]3(C3)C=O)C3O[C@]12O	MCUKVQRALOEREH-GSMWIYFSSA-N
1.8255499499999999	C[C@@H](CC12SCC=N1)OC1OC(CC(CCC(C3CC[C@@]4(C)C(CC5O)C(CO6)=CC6=O)[C@@]45O)[C@]3(C3)C=O)C3O[C@]12O	MCUKVQRALOEREH-GSMWIYFSSA-N
1.8363166833333333	C[C@@H](CC12SCC=N1)OC1OC(CC(CCC(C3CC[C@@]4(C)C(CC5O)C(CO6)=CC6=O)[C@@]45O)[C@]3(C3)C=O)C3O[C@]12O	MCUKVQRALOEREH-GSMWIYFSSA-N
1.8484666166666666	COc(c(OC)c1)cc(C=C2)c1OC2=O	GUAFOGOEJLSQBT-UHFFFAOYSA-N
1.8565666166666666	C[C@@H](CC12SCC=N1)OC1OC(CC(CCC(C3CC[C@@]4(C)C(CC5O)C(CO6)=CC6=O)[C@@]45O)[C@]3(C3)C=O)C3O[C@]12O	MCUKVQRALOEREH-GSMWIYFSSA-N
1.8680000333333333	C[C@@H](CC1(C2=O)SCCN1)OC2O[C@@H](CC(CCC(C1CC[C@@]2(C)[C@@H](CC3)C(CO4)=CC4=O)[C@@]23O)[C@]1(C1)C=O)[C@H]1O	KWTRLMPYWLFXTD-XZFMUOORSA-N
1.8689333666666668	COc(c(OC)c1)cc(C=C2)c1OC2=O	GUAFOGOEJLSQBT-UHFFFAOYSA-N
1.8757499666666668	COc(c(OC)c1)cc(C=C2)c1OC2=O	GUAFOGOEJLSQBT-UHFFFAOYSA-N
1.88451665	C[C@@H](CC1(C2=O)SCCN1)OC2O[C@@H](CC(CCC(C1CC[C@@]2(C)[C@@H](CC3)C(CO4)=CC4=O)[C@@]23O)[C@]1(C1)C=O)[C@H]1O	KWTRLMPYWLFXTD-XZFMUOORSA-N
1.8905832999999999	C[C@@H](CC1(C2=O)SCCN1)OC2O[C@@H](CC(CCC(C1CC[C@@]2(C)[C@@H](CC3)C(CO4)=CC4=O)[C@@]23O)[C@]1(C1)C=O)[C@H]1O	KWTRLMPYWLFXTD-XZFMUOORSA-N
1.8923833166666666	C[C@@H](CC1(C2=O)SCCN1)OC2O[C@@H](CC(CCC(C1CC[C@@]2(C)[C@@H](CC3)C(CO4)=CC4=O)[C@@]23O)[C@]1(C1)C=O)[C@H]1O	KWTRLMPYWLFXTD-XZFMUOORSA-N
2.0638333666666666	COc1c(CCC(c(cc2)ccc2O)c(c(O)c2)cc(CCC(c(cc3)ccc3O)=O)c2O)ccc(O)c1	SFIYEXDIBBOYMW-UHFFFAOYSA-N
2.0781833666666665	COc1c(CCC(c(cc2)ccc2O)c(c(O)c2)cc(CCC(c(cc3)ccc3O)=O)c2O)ccc(O)c1	SFIYEXDIBBOYMW-UHFFFAOYSA-N
2.094933316666667	COc1c(CCC(c(cc2)ccc2O)c(c(O)c2)cc(CCC(c(cc3)ccc3O)=O)c2O)ccc(O)c1	SFIYEXDIBBOYMW-UHFFFAOYSA-N
2.099333316666667	COc1c(CCC(c(cc2)ccc2O)c(c(O)c2)cc(CCC(c(cc3)ccc3O)=O)c2O)ccc(O)c1	SFIYEXDIBBOYMW-UHFFFAOYSA-N
2.1701833166666664	COc(ccc(C(Oc(c(C1=O)c2O)cc(O)c2OC)=C1OC)c1)c1O	BZXULYMZYPRZOG-UHFFFAOYSA-N
2.194483433333333	C/C=C(\C([C@@]1(C=C[C@H]2[C@@H]11)O3)O[C@H]1OC=C2C(OC)=O)/C3=O	VFXXNAVZODKBIW-KLWVONBGSA-N
2.1974833166666667	COc(ccc(C(Oc(c(C1=O)c2O)cc(O)c2OC)=C1OC)c1)c1O	BZXULYMZYPRZOG-UHFFFAOYSA-N
2.2049667333333334	COc(ccc(C(Oc(c(C1=O)c2O)cc(O)c2OC)=C1OC)c1)c1O	BZXULYMZYPRZOG-UHFFFAOYSA-N
2.21576665	C/C=C(\C([C@@]1(C=C[C@H]2[C@@H]11)O3)O[C@H]1OC=C2C(OC)=O)/C3=O	VFXXNAVZODKBIW-KLWVONBGSA-N
2.242466733333333	C/C=C(/C([C@@]1(C=C[C@H]2[C@@H]11)O3)O[C@H]1OC=C2C(OC)=O)\C3=O	VFXXNAVZODKBIW-FONPPYIRSA-N
2.253716783333333	C[C@@H](CC12SCCN1)OC1OC(CC(CCC(C3CC[C@@]4(C)C(CC5)C(CO6)=CC6=O)[C@@]45O)[C@]3(C3)C=O)C3O[C@]12O	YLDBWOUPHZGCJG-SFQKSOOHSA-N
2.2554000833333334	C[C@@H](CC12SCCN1)OC1OC(CC(CCC(C3CC[C@@]4(C)C(CC5)C(CO6)=CC6=O)[C@@]45O)[C@]3(C3)C=O)C3O[C@]12O	YLDBWOUPHZGCJG-SFQKSOOHSA-N
2.2601165833333337	C[C@@H](CC12SCCN1)OC1OC(CC(CCC(C3CC[C@@]4(C)C(CC5)C(CO6)=CC6=O)[C@@]45O)[C@]3(C3)C=O)C3O[C@]12O	YLDBWOUPHZGCJG-SFQKSOOHSA-N
2.2764	C[C@@H](CC12SCCN1)OC1OC(CC(CCC(C3CC[C@@]4(C)C(CC5)C(CO6)=CC6=O)[C@@]45O)[C@]3(C3)C=O)C3O[C@]12O	YLDBWOUPHZGCJG-SFQKSOOHSA-N
2.2824167833333333	C[C@@H](CC12SCCN1)OC1OC(CC(CCC(C3CC[C@@]4(C)C(CC5)C(CO6)=CC6=O)[C@@]45O)[C@]3(C3)C=O)C3O[C@]12O	YLDBWOUPHZGCJG-SFQKSOOHSA-N
2.2911832166666666	C[C@@H](CC12SCCN1)OC1OC(CC(CCC(C3CC[C@@]4(C)C(CC5)C(CO6)=CC6=O)[C@@]45O)[C@]3(C3)C=O)C3O[C@]12O	YLDBWOUPHZGCJG-SFQKSOOHSA-N
2.3613833166666667	Oc1ccc(C(C2)Oc3c(C(C(c(cc4)ccc4O)Oc4c5c(O)cc(O)c4)C5=O)c(O)cc(O)c3C2=O)cc1	MXEIKUWMKSYEII-UHFFFAOYSA-N
2.445599866666667	C/C=C(/C([C@@]1(C=C[C@H]2[C@@H]11)O3)O[C@H]1OC=C2C(OC)=O)\C3=O	VFXXNAVZODKBIW-FONPPYIRSA-N
2.4508333833333333	C/C=C(\C([C@@]1(C=C[C@H]2[C@@H]11)O3)O[C@H]1OC=C2C(OC)=O)/C3=O	VFXXNAVZODKBIW-KLWVONBGSA-N
2.4563499500000003	CC(C)(C[C@H](C1)O)[C@@H](C[C@H]2O)[C@]1(C)[C@H](CC(C1(C(C=C3OC)=O)C(Oc4c5c(O)cc(O)c4)=CC5=O)C(C)=CCC1C3=O)C2=C	DYFMUBBDBHDXDV-LTBQZSFOSA-N
2.4587999999999997	C/C=C(/C([C@@]1(C=C[C@H]2[C@@H]11)O3)O[C@H]1OC=C2C(OC)=O)\C3=O	VFXXNAVZODKBIW-FONPPYIRSA-N
2.45918325	C[C@@H](CC12SCC=N1)OC1OC(CC(CCC(C3CC[C@@]4(C)C(CC5)C(CO6)=CC6=O)[C@@]45O)[C@]3(C3)C=O)C3O[C@]12O	DONIPVCAKBPJLH-SFQKSOOHSA-N
2.4620666499999997	CC(C)(C[C@H](C1)O)[C@@H](C[C@H]2O)[C@]1(C)[C@H](CC(C1(C(C=C3OC)=O)C(Oc4c5c(O)cc(O)c4)=CC5=O)C(C)=CCC1C3=O)C2=C	DYFMUBBDBHDXDV-LTBQZSFOSA-N
2.4668167166666666	C[C@@H](CC12SCC=N1)OC1OC(CC(CCC(C3CC[C@@]4(C)C(CC5)C(CO6)=CC6=O)[C@@]45O)[C@]3(C3)C=O)C3O[C@]12O	DONIPVCAKBPJLH-SFQKSOOHSA-N
2.4679499333333337	C/C=C(/C([C@@]1(C=C[C@H]2[C@@H]11)O3)O[C@H]1OC=C2C(OC)=O)\C3=O	VFXXNAVZODKBIW-FONPPYIRSA-N
2.4729334499999998	C[C@@H](CC12SCC=N1)OC1OC(CC(CCC(C3CC[C@@]4(C)C(CC5)C(CO6)=CC6=O)[C@@]45O)[C@]3(C3)C=O)C3O[C@]12O	DONIPVCAKBPJLH-SFQKSOOHSA-N
2.4749832166666668	CC(C)(C[C@H](C1)O)[C@@H](C[C@H]2O)[C@]1(C)[C@H](CC(C1(C(C=C3OC)=O)C(Oc4c5c(O)cc(O)c4)=CC5=O)C(C)=CCC1C3=O)C2=C	DYFMUBBDBHDXDV-LTBQZSFOSA-N
2.4824666333333334	CC(C)(C[C@H](C1)O)[C@@H](C[C@H]2O)[C@]1(C)[C@H](CC(C1(C(C=C3OC)=O)C(Oc4c5c(O)cc(O)c4)=CC5=O)C(C)=CCC1C3=O)C2=C	DYFMUBBDBHDXDV-LTBQZSFOSA-N
2.488099916666667	C[C@@H](CC12SCC=N1)OC1OC(CC(CCC(C3CC[C@@]4(C)C(CC5)C(CO6)=CC6=O)[C@@]45O)[C@]3(C3)C=O)C3O[C@]12O	DONIPVCAKBPJLH-SFQKSOOHSA-N
2.49023335	CC(C)(C[C@H](C1)O)[C@@H](C[C@H]2O)[C@]1(C)[C@H](CC(C1(C(C=C3OC)=O)C(Oc4c5c(O)cc(O)c4)=CC5=O)C(C)=CCC1C3=O)C2=C	DYFMUBBDBHDXDV-LTBQZSFOSA-N
2.4958501166666665	C[C@@H](CC12SCC=N1)OC1OC(CC(CCC(C3CC[C@@]4(C)C(CC5)C(CO6)=CC6=O)[C@@]45O)[C@]3(C3)C=O)C3O[C@]12O	DONIPVCAKBPJLH-SFQKSOOHSA-N
2.6045165999999997	CC1(c2c3occ2CCC1)c(cc(c(C(C=C1)=O)c2)C1=O)c2C3=O	HDONDRKCXFRHQQ-UHFFFAOYSA-N
2.6125999500000003	CC1(c2c3occ2CCC1)c(cc(c(C(C=C1)=O)c2)C1=O)c2C3=O	HDONDRKCXFRHQQ-UHFFFAOYSA-N
2.6167500833333337	COc(ccc(C(Oc(c(C1=O)c2O)cc(OC)c2OC)=C1OC)c1)c1O	PJQLSMYMOKWUJG-UHFFFAOYSA-N
2.6245501166666667	COc(ccc(C(Oc(c(C1=O)c2O)cc(OC)c2OC)=C1OC)c1)c1O	PJQLSMYMOKWUJG-UHFFFAOYSA-N
2.6267832500000003	C/C=C(\C([C@@]1(C=C[C@H]2[C@@H]11)O3)O[C@H]1OC=C2C(OC)=O)/C3=O	VFXXNAVZODKBIW-KLWVONBGSA-N
2.627899933333333	COc(ccc(C(Oc(c(C1=O)c2O)cc(OC)c2OC)=C1OC)c1)c1O	PJQLSMYMOKWUJG-UHFFFAOYSA-N
2.6281166	Oc1ccc(C(C2C(C(c(cc3)ccc3O)Oc3c4ccc(O)c3)C4=O)Oc(cc(cc3)O)c3C2=O)cc1	RZCBRIXDECISPR-UHFFFAOYSA-N
2.632249966666667	COc(ccc(C(Oc(c(C1=O)c2O)cc(OC)c2OC)=C1OC)c1)c1O	PJQLSMYMOKWUJG-UHFFFAOYSA-N
2.6355334	COc(cc(cc1)C(Oc(c(C2=O)c3O)cc(OC)c3OC)=C2OC)c1O	NBVTYGIYKCPHQN-UHFFFAOYSA-N
2.6416000333333334	COc(cc(cc1)C(Oc(c(C2=O)c3O)cc(OC)c3OC)=C2OC)c1O	NBVTYGIYKCPHQN-UHFFFAOYSA-N
2.644450116666667	Oc1ccc(C(C2C(C(c(cc3)ccc3O)Oc3c4ccc(O)c3)C4=O)Oc(cc(cc3)O)c3C2=O)cc1	RZCBRIXDECISPR-UHFFFAOYSA-N
2.6490333500000003	COc(cc(cc1)C(Oc(c(C2=O)c3O)cc(OC)c3OC)=C2OC)c1O	NBVTYGIYKCPHQN-UHFFFAOYSA-N
2.6567166666666666	COc(cc(cc1)C(Oc(c(C2=O)c3O)cc(OC)c3OC)=C2OC)c1O	NBVTYGIYKCPHQN-UHFFFAOYSA-N
2.6653834	Oc1ccc(C(C2C(C(c(cc3)ccc3O)Oc3c4ccc(O)c3)C4=O)Oc(cc(cc3)O)c3C2=O)cc1	RZCBRIXDECISPR-UHFFFAOYSA-N
2.7037666333333332	CC(C)(C[C@@H](C1)O)[C@H](CCC2(C)O)[C@@]1(C)[C@]2(CC(C1(C(C=C2OC)=O)C(Oc3c4c(O)cc(O)c3)=CC4=O)C(C)=CCC1C2=O)O	YFSJBBMDQKSVOR-KBLBZTOMSA-N
2.7462499	Oc1ccc(C(C2C(c(ccc(O)c3)c3O)=O)Oc3c2c(O)c(C(CC(c(cc2)ccc2O)O2)=O)c2c3)cc1	LWIBVDPTXBVMIV-UHFFFAOYSA-N
2.7536499	Oc1ccc(C(C2C(c(ccc(O)c3)c3O)=O)Oc3c2c(O)c(C(CC(c(cc2)ccc2O)O2)=O)c2c3)cc1	LWIBVDPTXBVMIV-UHFFFAOYSA-N
2.7632499666666663	Oc1ccc(C(C2C(c(ccc(O)c3)c3O)=O)Oc3c2c(O)c(C(CC(c(cc2)ccc2O)O2)=O)c2c3)cc1	LWIBVDPTXBVMIV-UHFFFAOYSA-N
2.782816566666667	Oc1ccc(C(C2C(c(ccc(O)c3)c3O)=O)Oc3c2c(O)c(C(CC(c(cc2)ccc2O)O2)=O)c2c3)cc1	LWIBVDPTXBVMIV-UHFFFAOYSA-N
2.8083501166666665	Oc1ccc([C@@H]([C@H]([C@@H]2C(c(ccc(O)c3)c3O)=O)C(c(ccc(O)c3)c3O)=O)O[C@@H]2c(cc2)ccc2O)cc1	MGYYQYIFNBTUAB-JQYHKRKISA-N
2.812749983333333	Oc1ccc([C@@H]([C@H]([C@@H]2C(c(ccc(O)c3)c3O)=O)C(c(ccc(O)c3)c3O)=O)O[C@@H]2c(cc2)ccc2O)cc1	MGYYQYIFNBTUAB-JQYHKRKISA-N
2.81403325	Oc1ccc([C@@H]([C@H]([C@@H]2C(c(ccc(O)c3)c3O)=O)C(c(ccc(O)c3)c3O)=O)O[C@@H]2c(cc2)ccc2O)cc1	MGYYQYIFNBTUAB-JQYHKRKISA-N
2.8287	Oc1ccc([C@@H]([C@H]([C@@H]2C(c(ccc(O)c3)c3O)=O)C(c(ccc(O)c3)c3O)=O)O[C@@H]2c(cc2)ccc2O)cc1	MGYYQYIFNBTUAB-JQYHKRKISA-N
2.8766667666666668	Oc1ccc([C@@H]([C@H]([C@@H]2C(c(ccc(O)c3)c3O)=O)C(c(ccc(O)c3)c3O)=O)O[C@@H]2c(cc2)ccc2O)cc1	MGYYQYIFNBTUAB-JQYHKRKISA-N
2.93456675	C[C@](CCC1)([C@H](CC(C2(C(C=C3OC)=O)C(Oc4c5c(O)cc(O)c4)=CC5=O)C(C)=CCC2C3=O)C([C@@H](C2)O)=C)[C@H]2[C@@]1(C)C(O)=O	IFXOMNGVRBQEDH-NEIRRKQMSA-N
2.93903325	C[C@](CCC1)([C@H](CC(C2(C(C=C3OC)=O)C(Oc4c5c(O)cc(O)c4)=CC5=O)C(C)=CCC2C3=O)C([C@@H](C2)O)=C)[C@H]2[C@@]1(C)C(O)=O	IFXOMNGVRBQEDH-NEIRRKQMSA-N
2.954299933333333	C[C@](CCC1)([C@H](CC(C2(C(C=C3OC)=O)C(Oc4c5c(O)cc(O)c4)=CC5=O)C(C)=CCC2C3=O)C([C@@H](C2)O)=C)[C@H]2[C@@]1(C)C(O)=O	IFXOMNGVRBQEDH-NEIRRKQMSA-N
2.9620999666666665	C[C@](CCC1)([C@H](CC(C2(C(C=C3OC)=O)C(Oc4c5c(O)cc(O)c4)=CC5=O)C(C)=CCC2C3=O)C([C@@H](C2)O)=C)[C@H]2[C@@]1(C)C(O)=O	IFXOMNGVRBQEDH-NEIRRKQMSA-N
2.96610005	CC(C)(CCC(Cc(c(OC(CC1=O)c(ccc(O)c2)c2O)c1c(O)c1)c1O)C(C)=C)O	PFTQIVMILQKDQN-UHFFFAOYSA-N
2.9891334499999997	CC(C)(C[C@@H](C1)O)[C@H](CCC2(C)O)[C@@]1(C)[C@]2(CC(C1(C(C=C2OC)=O)C(Oc3c4c(O)cc(O)c3)=CC4=O)C(C)=CCC1C2=O)O	YFSJBBMDQKSVOR-KBLBZTOMSA-N
2.9935834166666666	CC(C)(C[C@@H](C1)O)[C@H](CCC2(C)O)[C@@]1(C)[C@]2(CC(C1(C(C=C2OC)=O)C(Oc3c4c(O)cc(O)c3)=CC4=O)C(C)=CCC1C2=O)O	YFSJBBMDQKSVOR-KBLBZTOMSA-N
2.9966667166666667	C[C@](CO)(CCC1)[C@@H](C[C@H]2O)[C@]1(C)[C@H](CC(C1(C(C=C3OC)=O)C(Oc4c5c(O)cc(O)c4)=CC5=O)C(C)=CCC1C3=O)C2=C	DUHUEQDHHJOBJV-ITVARWGLSA-N
3.0010999	C[C@](CO)(CCC1)[C@@H](C[C@H]2O)[C@]1(C)[C@H](CC(C1(C(C=C3OC)=O)C(Oc4c5c(O)cc(O)c4)=CC5=O)C(C)=CCC1C3=O)C2=C	DUHUEQDHHJOBJV-ITVARWGLSA-N
3.0035001166666664	CC(CC(C(C(C1OC1(C)C(C1)=O)O2)=C(COC(C)=O)C2=O)OC(/C=C(/C)\COC(C)=O)=O)C1=O	NPOKZGIWNCWKKA-WDZFZDKYSA-N
3.0086832666666665	CC(C)(C[C@@H](C1)O)[C@H](CCC2(C)O)[C@@]1(C)[C@]2(CC(C1(C(C=C2OC)=O)C(Oc3c4c(O)cc(O)c3)=CC4=O)C(C)=CCC1C2=O)O	YFSJBBMDQKSVOR-KBLBZTOMSA-N
3.0103833499999997	CC(C)(C[C@@H](C1)O)[C@H](CCC2(C)O)[C@@]1(C)[C@]2(CC(C1(C(C=C2OC)=O)C(Oc3c4c(O)cc(O)c3)=CC4=O)C(C)=CCC1C2=O)O	YFSJBBMDQKSVOR-KBLBZTOMSA-N
3.01645	C[C@](CO)(CCC1)[C@@H](C[C@H]2O)[C@]1(C)[C@H](CC(C1(C(C=C3OC)=O)C(Oc4c5c(O)cc(O)c4)=CC5=O)C(C)=CCC1C3=O)C2=C	DUHUEQDHHJOBJV-ITVARWGLSA-N
3.0165166166666664	CC(C)(C[C@@H](C1)O)[C@H](CCC2(C)O)[C@@]1(C)[C@]2(CC(C1(C(C=C2OC)=O)C(Oc3c4c(O)cc(O)c3)=CC4=O)C(C)=CCC1C2=O)O	YFSJBBMDQKSVOR-KBLBZTOMSA-N
3.0241500833333332	C[C@](CO)(CCC1)[C@@H](C[C@H]2O)[C@]1(C)[C@H](CC(C1(C(C=C3OC)=O)C(Oc4c5c(O)cc(O)c4)=CC5=O)C(C)=CCC1C3=O)C2=C	DUHUEQDHHJOBJV-ITVARWGLSA-N
3.0303667666666665	O[C@@H]([C@H](COC(/C=C/c(cc1)ccc1O)=O)O[C@@H]([C@H]1OC(/C=C/c(cc2)ccc2O)=O)Oc(cc2O)cc(OC(c(cc3)ccc3O)=C3)c2C3=O)[C@H]1O	GBBLNEWSFXZKJC-LJFOHRRRSA-N
3.0429166166666666	C[C@@H]([C@@H](CC(C1(C(C=C2OC)=O)C(Oc3c4c(O)cc(O)c3)=CC4=O)C(C)=CCC1C2=O)[C@](C)(C1)[C@H](C2)C(C)(C)C[C@H]1O)[C@@H]2O	XHRVINDOXZYNMA-UJUYOOQASA-N
3.047333266666667	C[C@@H]([C@@H](CC(C1(C(C=C2OC)=O)C(Oc3c4c(O)cc(O)c3)=CC4=O)C(C)=CCC1C2=O)[C@](C)(C1)[C@H](C2)C(C)(C)C[C@H]1O)[C@@H]2O	XHRVINDOXZYNMA-UJUYOOQASA-N
3.0508000666666666	C[C@@H]([C@@H](CC(C1(C(C=C2OC)=O)C(Oc3c4c(O)cc(O)c3)=CC4=O)C(C)=CCC1C2=O)[C@](C)(C1)[C@H](C2)C(C)(C)C[C@H]1O)[C@@H]2O	XHRVINDOXZYNMA-UJUYOOQASA-N
3.0565834	C[C@@H]([C@@H](CC(C1(C(C=C2OC)=O)C(Oc3c4c(O)cc(O)c3)=CC4=O)C(C)=CCC1C2=O)[C@](C)(C1)[C@H](C2)C(C)(C)C[C@H]1O)[C@@H]2O	XHRVINDOXZYNMA-UJUYOOQASA-N
3.058050033333333	C[C@@H]([C@@H](CC(C1(C(C=C2OC)=O)C(Oc3c4c(O)cc(O)c3)=CC4=O)C(C)=CCC1C2=O)[C@](C)(C1)[C@H](C2)C(C)(C)C[C@H]1O)[C@@H]2O	XHRVINDOXZYNMA-UJUYOOQASA-N
3.0640500333333334	COc(cc1)ccc1C(Oc(c(C1=O)c2O)cc(O)c2OC)=C1OC	DWZAJFZEYZIHPO-UHFFFAOYSA-N
3.078233333333333	C[C@@H]([C@@H](CC(C1(C(C=C2OC)=O)C(Oc3c4c(O)cc(O)c3)=CC4=O)C(C)=CCC1C2=O)[C@](C)(C1)[C@H](C2)C(C)(C)C[C@H]1O)[C@@H]2O	XHRVINDOXZYNMA-UJUYOOQASA-N
3.0787999499999996	COc(cc1)ccc1C(Oc(c(C1=O)c2O)cc(O)c2OC)=C1OC	DWZAJFZEYZIHPO-UHFFFAOYSA-N
3.1030667666666667	COc(cc1)ccc1C(Oc(c(C1=O)c2O)cc(O)c2OC)=C1OC	DWZAJFZEYZIHPO-UHFFFAOYSA-N
3.1047500666666665	COc(ccc(C(Oc1c2c(O)cc(O)c1)=CC2=O)c1)c1-c(c(OC(c(cc1)ccc1O)=C1)c(c(O)c2)C1=O)c2O	IWEIJEPIYMAGTH-UHFFFAOYSA-N
3.1351999999999998	CC(OCC(Cc(cc1)cc(OC)c1O)C(Cc(cc1)cc(OC)c1O)COC(/C=C/c(cc1)cc(O)c1O)=O)=O	FXUGCPSWUXEJQN-YRNVUSSQSA-N
3.1366167666666667	COc(cc1)cc(O)c1C(C(C(c(cc1)ccc1O)c(cc1)ccc1O)C1=COc(cc(cc2)O)c2C1=O)=O	PPUYQVKBSDIARR-UHFFFAOYSA-N
3.1422500666666666	COc(cc1)cc(O)c1C(C(C(c(cc1)ccc1O)c(cc1)ccc1O)C1=COc(cc(cc2)O)c2C1=O)=O	PPUYQVKBSDIARR-UHFFFAOYSA-N
3.1422665833333334	CC(OCC(Cc(cc1)cc(OC)c1O)C(Cc(cc1)cc(OC)c1O)COC(/C=C/c(cc1)cc(O)c1O)=O)=O	FXUGCPSWUXEJQN-YRNVUSSQSA-N
3.1436833666666666	COc(cc1)cc(O)c1C(C(C(c(cc1)ccc1O)c(cc1)ccc1O)C1=COc(cc(cc2)O)c2C1=O)=O	PPUYQVKBSDIARR-UHFFFAOYSA-N
3.148350016666667	O[C@@H]([C@H](COC(/C=C/c(cc1)ccc1O)=O)O[C@@H]([C@H]1OC(/C=C/c(cc2)ccc2O)=O)Oc(cc2O)cc(OC(c(cc3)ccc3O)=C3)c2C3=O)[C@H]1O	GBBLNEWSFXZKJC-LJFOHRRRSA-N
3.174433383333333	CC(OCC(Cc(cc1)cc(OC)c1O)C(Cc(cc1)cc(OC)c1O)COC(/C=C/c(cc1)cc(O)c1O)=O)=O	FXUGCPSWUXEJQN-YRNVUSSQSA-N
3.23428345	C[C@@H]([C@@H]([C@H]([C@H]1O)O[C@@H]([C@@H]([C@H]2O)O)OC[C@H]2O)O)O[C@H]1O[C@@H]([C@@H]1O)C(O[C@@H](CC2)[C@@](C)(CO)C(CC3)[C@@]2(C)C2[C@]3(C)[C@](C)(CC[C@@]3(C4CC(C)(C)CC3)C(O)=O)C4=CC2)OC[C@H]1OC([C@@H]([C@H]1O)O)O[C@H](CO)[C@H]1O	YEIXSARWQBTGKU-VECIUBBESA-N
3.241799933333333	C[C@](CO)(CCC1)[C@@H](C[C@H]2O)[C@]1(C)[C@H](CC(C1(C(C=C3OC)=O)C(Oc4c5c(O)cc(O)c4)=CC5=O)C(C)=CCC1C3=O)C2=C	DUHUEQDHHJOBJV-ITVARWGLSA-N
3.2738166833333335	C[C@@H]([C@@H]([C@H]([C@H]1O)O[C@@H]([C@@H]([C@H]2O)O)OC[C@H]2O)O)O[C@H]1O[C@@H]([C@@H]1O)C(O[C@@H](CC2)[C@@](C)(CO)C(CC3)[C@@]2(C)C2[C@]3(C)[C@](C)(CC[C@@]3(C4CC(C)(C)CC3)C(O)=O)C4=CC2)OC[C@H]1OC([C@@H]([C@H]1O)O)O[C@H](CO)[C@H]1O	YEIXSARWQBTGKU-VECIUBBESA-N
3.2984334333333334	COc1ccc([C@@H]([C@@H]2C(c(ccc(O)c3)c3O)=O)Oc3c2c(O)c(C(C[C@@H](c(cc2)ccc2O)O2)=O)c2c3)cc1	YBNWSGJTIRDUAL-UEACAHGMSA-N
3.3000501	COc1ccc([C@@H]([C@@H]2C(c(ccc(O)c3)c3O)=O)Oc3c2c(O)c(C(C[C@@H](c(cc2)ccc2O)O2)=O)c2c3)cc1	YBNWSGJTIRDUAL-UEACAHGMSA-N
3.30130005	COc1ccc([C@@H]([C@H]2C(c(ccc(O)c3)c3O)=O)Oc3c2c(O)c(C(C[C@@H](c(cc2)ccc2O)O2)=O)c2c3)cc1	YBNWSGJTIRDUAL-MWFUSFPTSA-N
3.3198333666666664	COc1ccc([C@@H]([C@@H]2C(c(ccc(O)c3)c3O)=O)Oc3c2c(O)c(C(C[C@@H](c(cc2)ccc2O)O2)=O)c2c3)cc1	YBNWSGJTIRDUAL-UEACAHGMSA-N
3.3211001000000002	COc1ccc([C@@H]([C@@H]2C(c(ccc(O)c3)c3O)=O)Oc3c2c(O)c(C(C[C@@H](c(cc2)ccc2O)O2)=O)c2c3)cc1	YBNWSGJTIRDUAL-UEACAHGMSA-N
3.321383416666667	COc1ccc([C@@H]([C@H]2C(c(ccc(O)c3)c3O)=O)Oc3c2c(O)c(C(C[C@@H](c(cc2)ccc2O)O2)=O)c2c3)cc1	YBNWSGJTIRDUAL-MWFUSFPTSA-N
3.3621332833333333	C[C@H](CCC[C@@]1(C)C[C@@H]2OC3=O)C1=C[C@H]2C3=C	PXOYOCNNSUAQNS-XECBFPEOSA-N
3.4077334166666664	CC(C)(CCC(Cc(c(OC(CC1=O)c(ccc(O)c2)c2O)c1c(O)c1)c1O)C(C)=C)O	PFTQIVMILQKDQN-UHFFFAOYSA-N
3.4148666333333333	CC(C)(CCC(Cc(c(OC(CC1=O)c(ccc(O)c2)c2O)c1c(O)c1)c1O)C(C)=C)O	PFTQIVMILQKDQN-UHFFFAOYSA-N
3.4441833500000003	CC(C)=CCC(Cc(c(OC(CC1=O)c(ccc(O)c2)c2O)c1c(OC)c1)c1O)C(C)=C	LTTQKYMNTNISSZ-UHFFFAOYSA-N
3.4488833166666666	CC(OCC(Cc(cc1)cc(OC)c1O)C(Cc(cc1)cc(OC)c1O)COC(/C=C/c(cc1)cc(OC)c1O)=O)=O	XMJRBIUHVKFCMR-XYOKQWHBSA-N
3.4570833833333334	CC(OCC(Cc(cc1)cc(OC)c1O)C(Cc(cc1)cc(OC)c1O)COC(/C=C/c(cc1)cc(OC)c1O)=O)=O	XMJRBIUHVKFCMR-XYOKQWHBSA-N
3.4782501166666666	CC(C)=CCC(Cc(c(OC(CC1=O)c(ccc(O)c2)c2O)c1c(OC)c1)c1O)C(C)=C	LTTQKYMNTNISSZ-UHFFFAOYSA-N
3.4849833166666664	CC(OCC(Cc(cc1)cc(OC)c1O)C(Cc(cc1)cc(OC)c1O)COC(/C=C/c(cc1)cc(OC)c1O)=O)=O	XMJRBIUHVKFCMR-XYOKQWHBSA-N
3.48908335	COc1ccc([C@@H]([C@H]2C(c(ccc(O)c3)c3O)=O)Oc3c2c(O)c(C(C[C@@H](c(cc2)ccc2O)O2)=O)c2c3)cc1	YBNWSGJTIRDUAL-MWFUSFPTSA-N
3.5004165666666665	CC(OCC(Cc(cc1)cc(OC)c1O)C(Cc(cc1)cc(OC)c1O)COC(/C=C/c(cc1)cc(OC)c1O)=O)=O	XMJRBIUHVKFCMR-XYOKQWHBSA-N
3.5031334000000003	CC(CC(C(C(C1OC1(C)C(C1)=O)O2)=C(COC(C)=O)C2=O)OC(/C=C(/C)\COC(C)=O)=O)C1=O	NPOKZGIWNCWKKA-WDZFZDKYSA-N
3.5629333500000002	COc(cc1)cc(OC)c1C(C(C(c(cc1)ccc1O)c(cc1)ccc1O)C1=COc(cc(cc2)O)c2C1=O)=O	ZKCBMJDNLDZMEG-UHFFFAOYSA-N
3.5707499166666663	COc(cc1)cc(OC)c1C(C(C(c(cc1)ccc1O)c(cc1)ccc1O)C1=COc(cc(cc2)O)c2C1=O)=O	ZKCBMJDNLDZMEG-UHFFFAOYSA-N
3.590833283333333	COc(c(C=O)c(cc1C(c2c3cccc2)=O)O)c1C3=O	IPDMWUNUULAXLU-UHFFFAOYSA-N
3.6591000833333336	C[C@@H]([C@@H]([C@H]([C@H]1O)O[C@@H]([C@@H]([C@H]2O)O)OC[C@H]2O)O)O[C@H]1O[C@@H]([C@@H]1O)C(O[C@@H](CC2)C(C)(C)C(CC3)[C@@]2(C)C2[C@]3(C)[C@](C)(CC[C@@]3(C4CC(C)(C)CC3)C(O)=O)C4=CC2)OC[C@H]1OC([C@@H]([C@H]1O)O)O[C@H](CO)[C@H]1O	YMUVECXYJPPWBW-RHIWONNLSA-N
3.67706655	COc(cc1)cc(OC)c1C(C(C(c(cc1)ccc1O)c(cc1)ccc1O)C1=COc(cc(cc2)O)c2C1=O)=O	ZKCBMJDNLDZMEG-UHFFFAOYSA-N
3.6888832166666665	C[C@@H]([C@@H]([C@H]([C@H]1O)O[C@@H]([C@H]([C@@H]2O)O)OC[C@H]2O)O)O[C@H]1O[C@@H]([C@@H]1O)C(O[C@@H](CC2)C(C)(C)C(CC3)[C@@]2(C)C2[C@]3(C)[C@](C)(CC[C@@]3(C4CC(C)(C)CC3)C(O)=O)C4=CC2)OC[C@H]1OC([C@@H]([C@H]1O)O)O[C@H](CO)[C@H]1O	YMUVECXYJPPWBW-UBTUDEFCSA-N
3.7036165833333334	C[C@@H]([C@@H]([C@H]([C@H]1O)O[C@@H]([C@H]([C@@H]2O)O)OC[C@H]2O)O)O[C@H]1O[C@@H]([C@@H]1O)C(O[C@@H](CC2)C(C)(C)C(CC3)[C@@]2(C)C2[C@]3(C)[C@](C)(CC[C@@]3(C4CC(C)(C)CC3)C(O)=O)C4=CC2)OC[C@H]1OC([C@@H]([C@H]1O)O)O[C@H](CO)[C@H]1O	YMUVECXYJPPWBW-UBTUDEFCSA-N
3.8080167166666663	CCCCCCCCCCC[C@@H]1N[C@@H](C)CCC1	AYJGABFBAYKWDX-IRXDYDNUSA-N
3.861183416666667	CC(C)(CCC1)[C@@H](C[C@H]2O)[C@]1(C)[C@H](CC(C1(C(C=C3OC)=O)C(Oc4c5c(O)cc(O)c4)=CC5=O)C(C)=CCC1C3=O)C2=C	XRTOJGYRPZUDFW-FFROVVMCSA-N
3.8642499333333333	CC(C)(CCC1)[C@@H](C[C@H]2O)[C@]1(C)[C@H](CC(C1(C(C=C3OC)=O)C(Oc4c5c(O)cc(O)c4)=CC5=O)C(C)=CCC1C3=O)C2=C	XRTOJGYRPZUDFW-FFROVVMCSA-N
3.8870333333333336	CC(C)(CCC1)[C@@H](C[C@H]2O)[C@]1(C)[C@H](CC(C1(C(C=C3OC)=O)C(Oc4c5c(O)cc(O)c4)=CC5=O)C(C)=CCC1C3=O)C2=C	XRTOJGYRPZUDFW-FFROVVMCSA-N
3.9008333833333335	CC(C)(CCC1)[C@@H](C[C@H]2O)[C@]1(C)[C@H](CC(C1(C(C=C3OC)=O)C(Oc4c5c(O)cc(O)c4)=CC5=O)C(C)=CCC1C3=O)C2=C	XRTOJGYRPZUDFW-FFROVVMCSA-N
3.9067499833333335	CC(C)(CCC1)[C@@H](C[C@H]2O)[C@]1(C)[C@H](CC(C1(C(C=C3OC)=O)C(Oc4c5c(O)cc(O)c4)=CC5=O)C(C)=CCC1C3=O)C2=C	XRTOJGYRPZUDFW-FFROVVMCSA-N
3.9556332833333334	CC(C)=CCc(c(O)c(c(OC(c(cc1)ccc1O)=C1O)c2)C1=O)c2O	TVMHBSODLWMMMV-UHFFFAOYSA-N
3.975700116666667	CC(C)=CCc(c(O)c(c(OC(c(cc1)ccc1O)=C1O)c2)C1=O)c2O	TVMHBSODLWMMMV-UHFFFAOYSA-N
3.995316566666667	COc1ccc([C@@H]([C@H]2C(c(ccc(O)c3)c3O)=O)Oc3c2c(O)c(C(C[C@@H](c(cc2)ccc2O)O2)=O)c2c3)cc1	YBNWSGJTIRDUAL-MWFUSFPTSA-N
4.0329999333333335	CCCCCCCCCCC[C@@H]1N[C@@H](C)CCC1	AYJGABFBAYKWDX-IRXDYDNUSA-N
4.066983283333333	CC(C)(CCC1)C2[C@]1(COC(/C=C/c(cc1)cc(O)c1O)=O)C(CC[C@H](C1)[C@@](CO)(C3)O)[C@]13CC2	SCIXGQOSKNXPSL-SACMIHQYSA-N
4.171416733333333	C[C@](CCC1)(C[C@@H]([C@@H](C2)C3=C)OC3=O)[C@H]2C1=C	CVUANYCQTOGILD-XFMPKHEZSA-N
4.1825999000000005	CC(C)(CCC1)C2[C@]1(COC(/C=C/c(cc1)cc(O)c1O)=O)C(CC[C@H](C1)[C@@](CO)(C3)O)[C@]13CC2	SCIXGQOSKNXPSL-SACMIHQYSA-N
4.19885	CC(C)(CCC1)C2[C@]1(COC(/C=C/c(cc1)cc(O)c1O)=O)C(CC[C@H](C1)[C@@](CO)(C3)O)[C@]13CC2	SCIXGQOSKNXPSL-SACMIHQYSA-N
4.199250033333334	C[C@](CCC1)(C[C@@H]([C@@H](C2)C3=C)OC3=O)[C@H]2C1=C	CVUANYCQTOGILD-XFMPKHEZSA-N
4.206383266666666	C[C@](CCC1)(C[C@@H]([C@@H](C2)C3=C)OC3=O)[C@H]2C1=C	CVUANYCQTOGILD-XFMPKHEZSA-N
4.2598999	C[C@H](CCC[C@@]1(C)C[C@@H]2OC3=O)C1=C[C@H]2C3=C	PXOYOCNNSUAQNS-XECBFPEOSA-N
4.34744975	CC(CCC=C(C)C)C1(CC2)OOC2(C)C=C1	LQQPBZXRTDBTDG-UHFFFAOYSA-N
4.3596501666666665	CC(C)(CCC1)C2[C@]1(CO)C(CC[C@H](C1)[C@@](COC(/C=C/c(cc3)cc(O)c3O)=O)(C3)O)[C@]13CC2	NAPRTQGTRSLKIA-SACMIHQYSA-N
4.3668167166666665	CC(C)(CCC1)C2[C@]1(CO)C(CC[C@H](C1)[C@@](COC(/C=C/c(cc3)cc(O)c3O)=O)(C3)O)[C@]13CC2	NAPRTQGTRSLKIA-SACMIHQYSA-N
4.376766466666667	CC(CCC=C(C)C)C1(CC2)OOC2(C)C=C1	LQQPBZXRTDBTDG-UHFFFAOYSA-N
4.389783216666667	CC(C)(CCC1)C2[C@]1(CO)C(CC[C@H](C1)[C@@](COC(/C=C/c(cc3)cc(O)c3O)=O)(C3)O)[C@]13CC2	NAPRTQGTRSLKIA-SACMIHQYSA-N
4.583716833333333	CCCCCCCCCCCCC[C@@H]1N[C@@H](C)CCC1	AJAXYTHTWGIEHL-OALUTQOASA-N
4.601316833333333	CC(C)=CCC(Cc(c(OC(CC1=O)c(ccc(O)c2)c2O)c1c(OC)c1)c1O)C(C)=C	LTTQKYMNTNISSZ-UHFFFAOYSA-N
4.681766766666667	CCCCCCCCC/C=C\CCCC[C@@H]1N[C@@H](C)CCC1	SMWKBCJXGQHOBQ-UFFGUFBSSA-N
4.6998835166666675	Cc(cc1C(c2cc(OC)cc(O)c22)=O)cc(O)c1C2=O	FFWOKTFYGVYKIR-UHFFFAOYSA-N
4.772899883333333	CC(C)=CCc(c(O)c(CC=C(C)C)c(OC)c1C(c(cc2)ccc2O)=O)c1O	CSSYOJWEJPPTHG-UHFFFAOYSA-N
4.780350233333333	CC(C)=CCc(c(O)c(CC=C(C)C)c(OC)c1C(c(cc2)ccc2O)=O)c1O	CSSYOJWEJPPTHG-UHFFFAOYSA-N
4.789333083333333	CC(C)=CCc(c(O)c(CC=C(C)C)c(OC)c1C(c(cc2)ccc2O)=O)c1O	CSSYOJWEJPPTHG-UHFFFAOYSA-N
4.794116716666666	CC(C)(C(CC/C(/C)=C/CC/C(/C)=C/CC/C=C(\C)/CC/C=C(\C)/CCC(C(C)(CO)O)O)O)O	WRTOUBQZZGFLLV-GMVKGQTGSA-N
4.797233583333334	CC(C)(C(CC/C(/C)=C/CC/C(/C)=C/CC/C=C(\C)/CC/C=C(\C)/CCC(C(C)(CO)O)O)O)O	WRTOUBQZZGFLLV-GMVKGQTGSA-N
4.801516716666667	CC(C)(C(CC/C(/C)=C/CC/C(/C)=C/CC/C=C(\C)/CC/C=C(\C)/CCC(C(C)(CO)O)O)O)O	WRTOUBQZZGFLLV-GMVKGQTGSA-N
4.808766683333333	CC(C)(C(CC/C(/C)=C/CC/C(/C)=C/CC/C=C(\C)/CC/C=C(\C)/CCC(C(C)(CO)O)O)O)O	WRTOUBQZZGFLLV-GMVKGQTGSA-N
4.815983583333334	CC(C)(C(CC/C(/C)=C/CC/C(/C)=C/CC/C=C(\C)/CC/C=C(\C)/CCC(C(C)(CO)O)O)O)O	WRTOUBQZZGFLLV-GMVKGQTGSA-N
4.841866550000001	CCCCCCCCCCC/C=C\CC[C@@H]1N[C@@H](C)CCC1	MQXBADSGHYCSEG-JWWMHJHTSA-N
4.872633366666666	CCC(C)C(C1=C(O)OC2=C(C(CC(O)=O)c3ccccc3)C(C)(C)C(CCC(C)(C)NC(C)=O)CC2(CC=C(C)C)C1=O)=O	VWJWJSTVUOQUDF-UHFFFAOYSA-N
4.875349933333334	CCC(C)C(C1=C(O)OC2=C(C(CC(O)=O)c3ccccc3)C(C)(C)C(CCC(C)(C)NC(C)=O)CC2(CC=C(C)C)C1=O)=O	VWJWJSTVUOQUDF-UHFFFAOYSA-N
4.879683433333333	CCC(C)C(C1=C(O)OC2=C(C(CC(O)=O)c3ccccc3)C(C)(C)C(CCC(C)(C)NC(C)=O)CC2(CC=C(C)C)C1=O)=O	VWJWJSTVUOQUDF-UHFFFAOYSA-N
4.8885833666666665	CCC(C)C(C1=C(O)OC2=C(C(CC(O)=O)c3ccccc3)C(C)(C)C(CCC(C)(C)NC(C)=O)CC2(CC=C(C)C)C1=O)=O	VWJWJSTVUOQUDF-UHFFFAOYSA-N
4.896266683333334	CCC(C)C(C1=C(O)OC2=C(C(CC(O)=O)c3ccccc3)C(C)(C)C(CCC(C)(C)NC(C)=O)CC2(CC=C(C)C)C1=O)=O	VWJWJSTVUOQUDF-UHFFFAOYSA-N
4.9114502	CCC(C)C(C1=C(O)OC2=C(C(CC(O)=O)c3ccccc3)C(C)(C)C(CCC(C)(C)NC(C)=O)CC2(CC=C(C)C)C1=O)=O	VWJWJSTVUOQUDF-UHFFFAOYSA-N
4.92918345	CC(CCC=C(C)C)C1(CC2)OOC2(C)C=C1	LQQPBZXRTDBTDG-UHFFFAOYSA-N
4.939900199999999	CC(CCC=C(C)C)C1(CC2)OOC2(C)C=C1	LQQPBZXRTDBTDG-UHFFFAOYSA-N
4.960066733333333	CC(CCC=C(C)C)C1(CC2)OOC2(C)C=C1	LQQPBZXRTDBTDG-UHFFFAOYSA-N
4.986666866666667	CCC(C)C(C1=C(O)OC2=C(C(CC(O)=O)c3ccccc3)C(C)(C)C(CCC(C)(C)O)CC2(CC=C(C)C)C1=O)=O	OHIAYCDXMPSQPG-UHFFFAOYSA-N
4.995233150000001	CCC(C)C(C1=C(O)OC2=C(C(CC(O)=O)c3ccccc3)C(C)(C)C(CCC(C)(C)O)CC2(CC=C(C)C)C1=O)=O	OHIAYCDXMPSQPG-UHFFFAOYSA-N
5.001316833333333	CCC(C)C(C1=C(O)OC2=C(C(CC(O)=O)c3ccccc3)C(C)(C)C(CCC(C)(C)O)CC2(CC=C(C)C)C1=O)=O	OHIAYCDXMPSQPG-UHFFFAOYSA-N
5.0026000999999995	CCC(C)C(C1=C(O)OC2=C(C(CC(O)=O)c3ccccc3)C(C)(C)C(CCC(C)(C)O)CC2(CC=C(C)C)C1=O)=O	OHIAYCDXMPSQPG-UHFFFAOYSA-N
5.017233283333334	CCC(C)C(C1=C(O)OC2=C(C(CC(O)=O)c3ccccc3)C(C)(C)C(CCC(C)(C)O)CC2(CC=C(C)C)C1=O)=O	OHIAYCDXMPSQPG-UHFFFAOYSA-N
5.023350016666667	CCC(C)C(C1=C(O)OC2=C(C(CC(O)=O)c3ccccc3)C(C)(C)C(CCC(C)(C)O)CC2(CC=C(C)C)C1=O)=O	OHIAYCDXMPSQPG-UHFFFAOYSA-N
5.117333483333334	CCCCCCCCCCCCCCC[C@@H]1N[C@@H](C)CCC1	UZFYSJNBWVQZQB-SFTDATJTSA-N
5.336016849999999	CC(C)(C(CC/C(/C)=C/CC/C(/C)=C/CC/C=C(\C)/CC/C=C(\C)/CCC(C(C)(C)O)O)O)O	NPWAQSYSDCQSKY-TXLDAEQNSA-N
5.337283333333334	CC(C)(C(CC/C(/C)=C/CC/C(/C)=C/CC/C=C(\C)/CC/C=C(\C)/CCC(C(C)(C)O)O)O)O	NPWAQSYSDCQSKY-TXLDAEQNSA-N
5.36629995	CC(C)(C(CC/C(/C)=C/CC/C(/C)=C/CC/C=C(\C)/CC/C=C(\C)/CCC(C(C)(C)O)O)O)O	NPWAQSYSDCQSKY-TXLDAEQNSA-N
5.373583483333333	CC(C)(C(CC/C(/C)=C/CC/C(/C)=C/CC/C=C(\C)/CC/C=C(\C)/CCC(C(C)(C)O)O)O)O	NPWAQSYSDCQSKY-TXLDAEQNSA-N
5.441883333333333	CC(C)(CCC1)C(CC2)[C@]1(C)C(C1)[C@@]2(C)C(C[C@H](C([C@@H]23)=CO[C@@H]3C(OC)=O)OC(C)=O)[C@@]2(C)[C@H]1O	ABDBGEHAUCOOPP-WTSXGGEWSA-N
5.4538167333333325	CC(C)(CCC1)C(CC2)[C@]1(C)C(C1)[C@@]2(C)C(C[C@H](C([C@@H]23)=CO[C@@H]3C(OC)=O)OC(C)=O)[C@@]2(C)[C@H]1O	ABDBGEHAUCOOPP-WTSXGGEWSA-N
5.472233583333334	CC(C)(CCC1)C(CC2)[C@]1(C)C(C1)[C@@]2(C)C(C[C@H](C([C@@H]23)=CO[C@@H]3C(OC)=O)OC(C)=O)[C@@]2(C)[C@H]1O	ABDBGEHAUCOOPP-WTSXGGEWSA-N
5.473816433333334	CCCCCCCCCCCCCCC[C@@H]1N[C@@H](C)CCC1	UZFYSJNBWVQZQB-SFTDATJTSA-N
5.510416666666667	CCCCCCCCCCCCO[C@H]([C@H]([C@H]1O)O)O[C@H](C)[C@H]1O[C@H]([C@H]([C@H]1O[C@H]([C@H]([C@H]2O[C@H]([C@H]([C@H]3O)O)O[C@H](C)[C@H]3OC(C)=O)OC(C)=O)O[C@H](C)[C@H]2OC(C)=O)O)O[C@H](C)[C@H]1OC(C)=O	LWOBLAUKUYVZAM-RFCVBJERSA-N
5.5984665	CCCCCCCCCCCCO[C@H]([C@H]([C@H]1O)O)O[C@H](C)[C@H]1O[C@H]([C@H]([C@H]1O[C@H]([C@H]([C@H]2O[C@H]([C@H]([C@H]3O)O)O[C@H](C)[C@H]3OC(C)=O)OC(C)=O)O[C@H](C)[C@H]2OC(C)=O)O)O[C@H](C)[C@H]1OC(C)=O	LWOBLAUKUYVZAM-RFCVBJERSA-N
5.7209666	CC(C)(CCC1)C(CC2)[C@]1(C)C(C1)[C@@]2(C)C(C[C@H](C([C@@H]23)=CO[C@@H]3C(OC)=O)OC(C)=O)[C@@]2(C)[C@@H]1O	ABDBGEHAUCOOPP-SICFENGJSA-N
5.73033345	CC(C)(CCC1)C(CC2)[C@]1(C)C(C1)[C@@]2(C)C(C[C@H](C([C@@H]23)=CO[C@@H]3C(OC)=O)OC(C)=O)[C@@]2(C)[C@@H]1O	ABDBGEHAUCOOPP-SICFENGJSA-N
5.74620005	CC(C)(CCC1)C(CC2)[C@]1(C)C(C1)[C@@]2(C)C(C[C@H](C([C@@H]23)=CO[C@@H]3C(OC)=O)OC(C)=O)[C@@]2(C)[C@@H]1O	ABDBGEHAUCOOPP-SICFENGJSA-N
5.8190333	CCCCCCCCCCCCO[C@H]([C@H]([C@H]1O)O)O[C@H](C)[C@H]1O[C@H]([C@H]([C@H]1O[C@H]([C@H]([C@H]2O[C@H]([C@H]([C@H]3O)O)O[C@H](C)[C@H]3OC(C)=O)OC(C)=O)O[C@H](C)[C@H]2OC(C)=O)O)O[C@H](C)[C@H]1OC(C)=O	LWOBLAUKUYVZAM-RFCVBJERSA-N
5.9038665833333335	C[C@H](CCC[C@@]1(C)C[C@@H]2OC3=O)C1=C[C@H]2C3=C	PXOYOCNNSUAQNS-XECBFPEOSA-N
5.913450116666667	CC(C)([C@H](CC=C(C)C)C[C@](C[C@H](CC=C(C)C)C(C)(C)O1)(C2=O)C1=C1C(c(cc3)cc(O)c3O)=O)[C@]2(CC=C(C)C)C1=O	KXTNVBQRLRYVCO-NUUVSXAPSA-N
5.925800066666667	CC(C)([C@H](CC=C(C)C)C[C@](C[C@H](CC=C(C)C)C(C)(C)O1)(C2=O)C1=C1C(c(cc3)cc(O)c3O)=O)[C@]2(CC=C(C)C)C1=O	KXTNVBQRLRYVCO-NUUVSXAPSA-N
5.941450000000001	CC(C)([C@H](CC=C(C)C)C[C@](C[C@H](CC=C(C)C)C(C)(C)O1)(C2=O)C1=C1C(c(cc3)cc(O)c3O)=O)[C@]2(CC=C(C)C)C1=O	KXTNVBQRLRYVCO-NUUVSXAPSA-N
5.971466566666667	CC(C)([C@H](CC=C(C)C)C[C@](C[C@H](CC=C(C)C)C(C)(C)O1)(C2=O)C1=C1C(c(cc3)cc(O)c3O)=O)[C@]2(CC=C(C)C)C1=O	KXTNVBQRLRYVCO-NUUVSXAPSA-N
5.981166583333334	CC(C)([C@H](CC=C(C)C)C[C@](C[C@H](CC=C(C)C)C(C)(C)O1)(C2=O)C1=C1C(c(cc3)cc(O)c3O)=O)[C@]2(CC=C(C)C)C1=O	KXTNVBQRLRYVCO-NUUVSXAPSA-N
5.982866416666667	CC(C)([C@H](CC=C(C)C)C[C@](C[C@H](CC=C(C)C)C(C)(C)O1)(C2=O)C1=C1C(c(cc3)cc(O)c3O)=O)[C@]2(CC=C(C)C)C1=O	KXTNVBQRLRYVCO-NUUVSXAPSA-N
5.990616866666667	CC(C)([C@H](CC=C(C)C)C[C@](C[C@H](CC=C(C)C)C(C)(C)O1)(C2=O)C1=C1C(c(cc3)cc(O)c3O)=O)[C@]2(CC=C(C)C)C1=O	KXTNVBQRLRYVCO-NUUVSXAPSA-N
5.9989334166666675	CC(C)(CCC1)C(CC2)[C@]1(C)C(C1)[C@@]2(C)C(C[C@H](C([C@@H]23)=CO[C@@H]3C(OC)=O)OC(C)=O)[C@@]2(C)[C@@H]1O	ABDBGEHAUCOOPP-SICFENGJSA-N
6.0019668500000005	CCCCCCCCCCCCO[C@H]([C@H]([C@H]1O)O)O[C@H](C)[C@H]1O[C@H]([C@H]([C@H]1O[C@H]([C@H]([C@H]2O[C@H]([C@H]([C@H]3OC(C)=O)O)O[C@H](C)[C@H]3OC(C)=O)OC(C)=O)O[C@H](C)[C@H]2OC(C)=O)O)O[C@H](C)[C@H]1OC(C)=O	GBKNKYWIOBGJMA-UJHKPXTNSA-N
6.085983283333333	CC(C)(CCC1)C2[C@]1(CO)C(CC[C@H](C1)[C@@](COC(/C=C/c(cc3)cc(O)c3O)=O)(C3)O)[C@]13CC2	NAPRTQGTRSLKIA-SACMIHQYSA-N
6.093116766666666	CCCCCCCCCCCCO[C@H]([C@H]([C@H]1O)O)O[C@H](C)[C@H]1O[C@H]([C@H]([C@H]1O[C@H]([C@H]([C@H]2O[C@H]([C@H]([C@H]3OC(C)=O)O)O[C@H](C)[C@H]3OC(C)=O)OC(C)=O)O[C@H](C)[C@H]2OC(C)=O)O)O[C@H](C)[C@H]1OC(C)=O	GBKNKYWIOBGJMA-UJHKPXTNSA-N
6.10803325	CCC(C)C(C1=C(O)OC2=C(C(CC(O)=O)c3ccccc3)C(C)(C)C(CCC(C)(C)OC(C(F)(F)F)=O)CC2(CC=C(C)C)C1=O)=O	BMWVMBQWKCPABF-UHFFFAOYSA-N
6.118200166666667	CCC(C)C(C1=C(O)OC2=C(C(CC(O)=O)c3ccccc3)C(C)(C)C(CCC(C)(C)OC(C(F)(F)F)=O)CC2(CC=C(C)C)C1=O)=O	BMWVMBQWKCPABF-UHFFFAOYSA-N
6.1189168333333335	CC(C)C(C1=C(O)OC2=C(C(CC(O)=O)c3ccccc3)C(C)(C)C(CC=C(C)C)CC2(CC=C(C)C)C1=O)=O	BZQMKTCQZSTGQS-UHFFFAOYSA-N
6.126866666666667	CC(C)C(C1=C(O)OC2=C(C(CC(O)=O)c3ccccc3)C(C)(C)C(CC=C(C)C)CC2(CC=C(C)C)C1=O)=O	BZQMKTCQZSTGQS-UHFFFAOYSA-N
6.12821655	CCC(C)C(C1=C(O)OC2=C(C(CC(O)=O)c3ccccc3)C(C)(C)C(CCC(C)(C)OC(C(F)(F)F)=O)CC2(CC=C(C)C)C1=O)=O	BMWVMBQWKCPABF-UHFFFAOYSA-N
6.131266783333333	CC(C)C(C1=C(O)OC2=C(C(CC(O)=O)c3ccccc3)C(C)(C)C(CC=C(C)C)CC2(CC=C(C)C)C1=O)=O	BZQMKTCQZSTGQS-UHFFFAOYSA-N
6.13619995	CCC(C)C(C1=C(O)OC2=C(C(CC(O)=O)c3ccccc3)C(C)(C)C(CCC(C)(C)OC(C(F)(F)F)=O)CC2(CC=C(C)C)C1=O)=O	BMWVMBQWKCPABF-UHFFFAOYSA-N
6.137049866666667	CC(C)C(C1=C(O)OC2=C(C(CC(O)=O)c3ccccc3)C(C)(C)C(CC=C(C)C)CC2(CC=C(C)C)C1=O)=O	BZQMKTCQZSTGQS-UHFFFAOYSA-N
6.146449783333334	CC(C)C(C1=C(O)OC2=C(C(CC(O)=O)c3ccccc3)C(C)(C)C(CC=C(C)C)CC2(CC=C(C)C)C1=O)=O	BZQMKTCQZSTGQS-UHFFFAOYSA-N
6.1501668333333335	CCCCCCCCCCCCO[C@H]([C@H]([C@H]1O[C@H]([C@H]([C@H]2O[C@H]([C@H]([C@H]3O)O)O[C@H](C)[C@H]3OC(C)=O)OC(C)=O)O[C@H](C)[C@H]2OC(C)=O)O)O[C@H](C)[C@H]1OC(C)=O	DMSNNJJGVMWWLM-ACQRZRRZSA-N
6.2202001	C[C@@H](CC/C=C(/C)\C(O)=O)[C@H](CC1)[C@@]2(C)[C@@]1(C)C1=CCC(C(C)(C)C(CC3)=O)[C@@]3(C)C1CC2	VOYZLKWKVLYJHD-KXZUVUMOSA-N
6.221866866666667	C[C@@H](CC/C=C(/C)\C(O)=O)[C@H](CC1)[C@@]2(C)[C@@]1(C)C1=CCC(C(C)(C)C(CC3)=O)[C@@]3(C)C1CC2	VOYZLKWKVLYJHD-KXZUVUMOSA-N
6.22359975	C[C@@H](CC/C=C(/C)\C(O)=O)[C@H](CC1)[C@@]2(C)[C@@]1(C)C1=CCC(C(C)(C)C(CC3)=O)[C@@]3(C)C1CC2	VOYZLKWKVLYJHD-KXZUVUMOSA-N
6.2407669	C[C@@H](CC/C=C(/C)\C(O)=O)[C@H](CC1)[C@@]2(C)[C@@]1(C)C1=CCC(C(C)(C)C(CC3)=O)[C@@]3(C)C1CC2	VOYZLKWKVLYJHD-KXZUVUMOSA-N
6.2454833999999995	C[C@@H](CC/C=C(/C)\C(O)=O)[C@H](CC1)[C@@]2(C)[C@@]1(C)C1=CCC(C(C)(C)C(CC3)=O)[C@@]3(C)C1CC2	VOYZLKWKVLYJHD-KXZUVUMOSA-N
6.281716916666666	CC(C)CC(C1=C(O)OC2=C(C(CC(O)=O)c3ccccc3)C(C)(C)C(CC=C(C)C)CC2(CC=C(C)C)C1=O)=O	SBJGFRHLHVBLNS-UHFFFAOYSA-N
6.285300183333334	CC(C)CC(C1=C(O)OC2=C(C(CC(O)=O)c3ccccc3)C(C)(C)C(CC=C(C)C)CC2(CC=C(C)C)C1=O)=O	SBJGFRHLHVBLNS-UHFFFAOYSA-N
6.287100216666667	CC(C)CC(C1=C(O)OC2=C(C(CC(O)=O)c3ccccc3)C(C)(C)C(CC=C(C)C)CC2(CC=C(C)C)C1=O)=O	SBJGFRHLHVBLNS-UHFFFAOYSA-N
6.292366533333333	CC(C)CC(C1=C(O)OC2=C(C(CC(O)=O)c3ccccc3)C(C)(C)C(CC=C(C)C)CC2(CC=C(C)C)C1=O)=O	SBJGFRHLHVBLNS-UHFFFAOYSA-N
6.314450066666667	CC(C)CC(C1=C(O)OC2=C(C(CC(O)=O)c3ccccc3)C(C)(C)C(CC=C(C)C)CC2(CC=C(C)C)C1=O)=O	SBJGFRHLHVBLNS-UHFFFAOYSA-N
6.3179834999999995	CCCCCCCCCCCCO[C@H]([C@H]([C@H]1O[C@H]([C@H]([C@H]2O[C@H]([C@H]([C@H]3O)O)O[C@H](C)[C@H]3OC(C)=O)OC(C)=O)O[C@H](C)[C@H]2OC(C)=O)O)O[C@H](C)[C@H]1OC(C)=O	DMSNNJJGVMWWLM-ACQRZRRZSA-N
6.328133133333334	CCC(C)C(C1=C(O)OC2=C(C(CC(O)=O)c3ccccc3)C(C)(C)C(CC=C(C)C)CC2(CC=C(C)C)C1=O)=O	YXSRTLFORKKWOM-UHFFFAOYSA-N
6.333000183333334	CCC(C)C(C1=C(O)OC2=C(C(CC(O)=O)c3ccccc3)C(C)(C)C(CC=C(C)C)CC2(CC=C(C)C)C1=O)=O	YXSRTLFORKKWOM-UHFFFAOYSA-N
6.34091645	CCC(C)C(C1=C(O)OC2=C(C(CC(O)=O)c3ccccc3)C(C)(C)C(CC=C(C)C)CC2(CC=C(C)C)C1=O)=O	YXSRTLFORKKWOM-UHFFFAOYSA-N
6.3560669	CCC(C)C(C1=C(O)OC2=C(C(CC(O)=O)c3ccccc3)C(C)(C)C(CC=C(C)C)CC2(CC=C(C)C)C1=O)=O	YXSRTLFORKKWOM-UHFFFAOYSA-N
6.365016683333334	CCC(C)C(C1=C(O)OC2=C(C(CC(O)=O)c3ccccc3)C(C)(C)C(CC=C(C)C)CC2(CC=C(C)C)C1=O)=O	YXSRTLFORKKWOM-UHFFFAOYSA-N
6.378283183333334	CCCCCCCCCCCCO[C@H]([C@H]([C@H]1O[C@H]([C@H]([C@H]2O[C@H]([C@H]([C@H]3O)O)O[C@H](C)[C@H]3OC(C)=O)OC(C)=O)O[C@H](C)[C@H]2OC(C)=O)O)O[C@H](C)[C@H]1OC(C)=O	DMSNNJJGVMWWLM-ACQRZRRZSA-N
6.507899983333333	CCCC(CC(O)=O)C(C(C)(C)C(CC=C(C)C)CC12CC=C(C)C)=C1OC(O)=C(C(CC(C)C)=O)C2=O	PJAFIJDUVIZFTB-UHFFFAOYSA-N
6.509266666666666	CCCC(CC(O)=O)C(C(C)(C)C(CC=C(C)C)CC12CC=C(C)C)=C1OC(O)=C(C(CC(C)C)=O)C2=O	PJAFIJDUVIZFTB-UHFFFAOYSA-N
6.512849933333333	CCCC(CC(O)=O)C(C(C)(C)C(CC=C(C)C)CC12CC=C(C)C)=C1OC(O)=C(C(CC(C)C)=O)C2=O	PJAFIJDUVIZFTB-UHFFFAOYSA-N
6.520133466666667	CCCC(CC(O)=O)C(C(C)(C)C(CC=C(C)C)CC12CC=C(C)C)=C1OC(O)=C(C(CC(C)C)=O)C2=O	PJAFIJDUVIZFTB-UHFFFAOYSA-N
6.531316633333334	CCCC(CC(O)=O)C(C(C)(C)C(CC=C(C)C)CC12CC=C(C)C)=C1OC(O)=C(C(CC(C)C)=O)C2=O	PJAFIJDUVIZFTB-UHFFFAOYSA-N
6.549366766666666	CCCC(CC(O)=O)C(C(C)(C)C(CC=C(C)C)CC12CC=C(C)C)=C1OC(O)=C(C(C(C)CC)=O)C2=O	YCKXZLNJJBVOJD-UHFFFAOYSA-N
6.55543315	CCCC(CC(O)=O)C(C(C)(C)C(CC=C(C)C)CC12CC=C(C)C)=C1OC(O)=C(C(C(C)CC)=O)C2=O	YCKXZLNJJBVOJD-UHFFFAOYSA-N
6.558883166666666	CCCC(CC(O)=O)C(C(C)(C)C(CC=C(C)C)CC12CC=C(C)C)=C1OC(O)=C(C(C(C)CC)=O)C2=O	YCKXZLNJJBVOJD-UHFFFAOYSA-N
6.57033335	CCCC(CC(O)=O)C(C(C)(C)C(CC=C(C)C)CC12CC=C(C)C)=C1OC(O)=C(C(C(C)CC)=O)C2=O	YCKXZLNJJBVOJD-UHFFFAOYSA-N
6.577966816666666	CCCC(CC(O)=O)C(C(C)(C)C(CC=C(C)C)CC12CC=C(C)C)=C1OC(O)=C(C(C(C)CC)=O)C2=O	YCKXZLNJJBVOJD-UHFFFAOYSA-N
6.832700099999999	CC(C)CC(C1=C(O)OC2=C(C(CC(OC)=O)c3ccccc3)C(C)(C)C(CC=C(C)C)CC2(CC=C(C)C)C1=O)=O	DVLZFRHEXIMHQX-UHFFFAOYSA-N
6.834383133333334	CC(C)CC(C1=C(O)OC2=C(C(CC(OC)=O)c3ccccc3)C(C)(C)C(CC=C(C)C)CC2(CC=C(C)C)C1=O)=O	DVLZFRHEXIMHQX-UHFFFAOYSA-N
